-- --------------------------------------------------------
-- Host:                         127.0.0.1
-- Versión del servidor:         10.4.10-MariaDB - mariadb.org binary distribution
-- SO del servidor:              Win64
-- HeidiSQL Versión:             10.2.0.5599
-- --------------------------------------------------------

/*!40101 SET @OLD_CHARACTER_SET_CLIENT=@@CHARACTER_SET_CLIENT */;
/*!40101 SET NAMES utf8 */;
/*!50503 SET NAMES utf8mb4 */;
/*!40014 SET @OLD_FOREIGN_KEY_CHECKS=@@FOREIGN_KEY_CHECKS, FOREIGN_KEY_CHECKS=0 */;
/*!40101 SET @OLD_SQL_MODE=@@SQL_MODE, SQL_MODE='NO_AUTO_VALUE_ON_ZERO' */;

-- Volcando datos para la tabla pokedex.ability: ~293 rows (aproximadamente)
/*!40000 ALTER TABLE `ability` DISABLE KEYS */;
INSERT INTO `ability` (`id`, `name`, `generation_id`) VALUES
	(1, 'stench', 3),
	(2, 'drizzle', 3),
	(3, 'speed-boost', 3),
	(4, 'battle-armor', 3),
	(5, 'sturdy', 3),
	(6, 'damp', 3),
	(7, 'limber', 3),
	(8, 'sand-veil', 3),
	(9, 'static', 3),
	(10, 'volt-absorb', 3),
	(11, 'water-absorb', 3),
	(12, 'oblivious', 3),
	(13, 'cloud-nine', 3),
	(14, 'compound-eyes', 3),
	(15, 'insomnia', 3),
	(16, 'color-change', 3),
	(17, 'immunity', 3),
	(18, 'flash-fire', 3),
	(19, 'shield-dust', 3),
	(20, 'own-tempo', 3),
	(21, 'suction-cups', 3),
	(22, 'intimidate', 3),
	(23, 'shadow-tag', 3),
	(24, 'rough-skin', 3),
	(25, 'wonder-guard', 3),
	(26, 'levitate', 3),
	(27, 'effect-spore', 3),
	(28, 'synchronize', 3),
	(29, 'clear-body', 3),
	(30, 'natural-cure', 3),
	(31, 'lightning-rod', 3),
	(32, 'serene-grace', 3),
	(33, 'swift-swim', 3),
	(34, 'chlorophyll', 3),
	(35, 'illuminate', 3),
	(36, 'trace', 3),
	(37, 'huge-power', 3),
	(38, 'poison-point', 3),
	(39, 'inner-focus', 3),
	(40, 'magma-armor', 3),
	(41, 'water-veil', 3),
	(42, 'magnet-pull', 3),
	(43, 'soundproof', 3),
	(44, 'rain-dish', 3),
	(45, 'sand-stream', 3),
	(46, 'pressure', 3),
	(47, 'thick-fat', 3),
	(48, 'early-bird', 3),
	(49, 'flame-body', 3),
	(50, 'run-away', 3),
	(51, 'keen-eye', 3),
	(52, 'hyper-cutter', 3),
	(53, 'pickup', 3),
	(54, 'truant', 3),
	(55, 'hustle', 3),
	(56, 'cute-charm', 3),
	(57, 'plus', 3),
	(58, 'minus', 3),
	(59, 'forecast', 3),
	(60, 'sticky-hold', 3),
	(61, 'shed-skin', 3),
	(62, 'guts', 3),
	(63, 'marvel-scale', 3),
	(64, 'liquid-ooze', 3),
	(65, 'overgrow', 3),
	(66, 'blaze', 3),
	(67, 'torrent', 3),
	(68, 'swarm', 3),
	(69, 'rock-head', 3),
	(70, 'drought', 3),
	(71, 'arena-trap', 3),
	(72, 'vital-spirit', 3),
	(73, 'white-smoke', 3),
	(74, 'pure-power', 3),
	(75, 'shell-armor', 3),
	(76, 'air-lock', 3),
	(77, 'tangled-feet', 4),
	(78, 'motor-drive', 4),
	(79, 'rivalry', 4),
	(80, 'steadfast', 4),
	(81, 'snow-cloak', 4),
	(82, 'gluttony', 4),
	(83, 'anger-point', 4),
	(84, 'unburden', 4),
	(85, 'heatproof', 4),
	(86, 'simple', 4),
	(87, 'dry-skin', 4),
	(88, 'download', 4),
	(89, 'iron-fist', 4),
	(90, 'poison-heal', 4),
	(91, 'adaptability', 4),
	(92, 'skill-link', 4),
	(93, 'hydration', 4),
	(94, 'solar-power', 4),
	(95, 'quick-feet', 4),
	(96, 'normalize', 4),
	(97, 'sniper', 4),
	(98, 'magic-guard', 4),
	(99, 'no-guard', 4),
	(100, 'stall', 4),
	(101, 'technician', 4),
	(102, 'leaf-guard', 4),
	(103, 'klutz', 4),
	(104, 'mold-breaker', 4),
	(105, 'super-luck', 4),
	(106, 'aftermath', 4),
	(107, 'anticipation', 4),
	(108, 'forewarn', 4),
	(109, 'unaware', 4),
	(110, 'tinted-lens', 4),
	(111, 'filter', 4),
	(112, 'slow-start', 4),
	(113, 'scrappy', 4),
	(114, 'storm-drain', 4),
	(115, 'ice-body', 4),
	(116, 'solid-rock', 4),
	(117, 'snow-warning', 4),
	(118, 'honey-gather', 4),
	(119, 'frisk', 4),
	(120, 'reckless', 4),
	(121, 'multitype', 4),
	(122, 'flower-gift', 4),
	(123, 'bad-dreams', 4),
	(124, 'pickpocket', 5),
	(125, 'sheer-force', 5),
	(126, 'contrary', 5),
	(127, 'unnerve', 5),
	(128, 'defiant', 5),
	(129, 'defeatist', 5),
	(130, 'cursed-body', 5),
	(131, 'healer', 5),
	(132, 'friend-guard', 5),
	(133, 'weak-armor', 5),
	(134, 'heavy-metal', 5),
	(135, 'light-metal', 5),
	(136, 'multiscale', 5),
	(137, 'toxic-boost', 5),
	(138, 'flare-boost', 5),
	(139, 'harvest', 5),
	(140, 'telepathy', 5),
	(141, 'moody', 5),
	(142, 'overcoat', 5),
	(143, 'poison-touch', 5),
	(144, 'regenerator', 5),
	(145, 'big-pecks', 5),
	(146, 'sand-rush', 5),
	(147, 'wonder-skin', 5),
	(148, 'analytic', 5),
	(149, 'illusion', 5),
	(150, 'imposter', 5),
	(151, 'infiltrator', 5),
	(152, 'mummy', 5),
	(153, 'moxie', 5),
	(154, 'justified', 5),
	(155, 'rattled', 5),
	(156, 'magic-bounce', 5),
	(157, 'sap-sipper', 5),
	(158, 'prankster', 5),
	(159, 'sand-force', 5),
	(160, 'iron-barbs', 5),
	(161, 'zen-mode', 5),
	(162, 'victory-star', 5),
	(163, 'turboblaze', 5),
	(164, 'teravolt', 5),
	(165, 'aroma-veil', 6),
	(166, 'flower-veil', 6),
	(167, 'cheek-pouch', 6),
	(168, 'protean', 6),
	(169, 'fur-coat', 6),
	(170, 'magician', 6),
	(171, 'bulletproof', 6),
	(172, 'competitive', 6),
	(173, 'strong-jaw', 6),
	(174, 'refrigerate', 6),
	(175, 'sweet-veil', 6),
	(176, 'stance-change', 6),
	(177, 'gale-wings', 6),
	(178, 'mega-launcher', 6),
	(179, 'grass-pelt', 6),
	(180, 'symbiosis', 6),
	(181, 'tough-claws', 6),
	(182, 'pixilate', 6),
	(183, 'gooey', 6),
	(184, 'aerilate', 6),
	(185, 'parental-bond', 6),
	(186, 'dark-aura', 6),
	(187, 'fairy-aura', 6),
	(188, 'aura-break', 6),
	(189, 'primordial-sea', 6),
	(190, 'desolate-land', 6),
	(191, 'delta-stream', 6),
	(192, 'stamina', 7),
	(193, 'wimp-out', 7),
	(194, 'emergency-exit', 7),
	(195, 'water-compaction', 7),
	(196, 'merciless', 7),
	(197, 'shields-down', 7),
	(198, 'stakeout', 7),
	(199, 'water-bubble', 7),
	(200, 'steelworker', 7),
	(201, 'berserk', 7),
	(202, 'slush-rush', 7),
	(203, 'long-reach', 7),
	(204, 'liquid-voice', 7),
	(205, 'triage', 7),
	(206, 'galvanize', 7),
	(207, 'surge-surfer', 7),
	(208, 'schooling', 7),
	(209, 'disguise', 7),
	(210, 'battle-bond', 7),
	(211, 'power-construct', 7),
	(212, 'corrosion', 7),
	(213, 'comatose', 7),
	(214, 'queenly-majesty', 7),
	(215, 'innards-out', 7),
	(216, 'dancer', 7),
	(217, 'battery', 7),
	(218, 'fluffy', 7),
	(219, 'dazzling', 7),
	(220, 'soul-heart', 7),
	(221, 'tangling-hair', 7),
	(222, 'receiver', 7),
	(223, 'power-of-alchemy', 7),
	(224, 'beast-boost', 7),
	(225, 'rks-system', 7),
	(226, 'electric-surge', 7),
	(227, 'psychic-surge', 7),
	(228, 'misty-surge', 7),
	(229, 'grassy-surge', 7),
	(230, 'full-metal-body', 7),
	(231, 'shadow-shield', 7),
	(232, 'prism-armor', 7),
	(233, 'neuroforce', 7),
	(10001, 'mountaineer', 5),
	(10002, 'wave-rider', 5),
	(10003, 'skater', 5),
	(10004, 'thrust', 5),
	(10005, 'perception', 5),
	(10006, 'parry', 5),
	(10007, 'instinct', 5),
	(10008, 'dodge', 5),
	(10009, 'jagged-edge', 5),
	(10010, 'frostbite', 5),
	(10011, 'tenacity', 5),
	(10012, 'pride', 5),
	(10013, 'deep-sleep', 5),
	(10014, 'power-nap', 5),
	(10015, 'spirit', 5),
	(10016, 'warm-blanket', 5),
	(10017, 'gulp', 5),
	(10018, 'herbivore', 5),
	(10019, 'sandpit', 5),
	(10020, 'hot-blooded', 5),
	(10021, 'medic', 5),
	(10022, 'life-force', 5),
	(10023, 'lunchbox', 5),
	(10024, 'nurse', 5),
	(10025, 'melee', 5),
	(10026, 'sponge', 5),
	(10027, 'bodyguard', 5),
	(10028, 'hero', 5),
	(10029, 'last-bastion', 5),
	(10030, 'stealth', 5),
	(10031, 'vanguard', 5),
	(10032, 'nomad', 5),
	(10033, 'sequence', 5),
	(10034, 'grass-cloak', 5),
	(10035, 'celebrate', 5),
	(10036, 'lullaby', 5),
	(10037, 'calming', 5),
	(10038, 'daze', 5),
	(10039, 'frighten', 5),
	(10040, 'interference', 5),
	(10041, 'mood-maker', 5),
	(10042, 'confidence', 5),
	(10043, 'fortune', 5),
	(10044, 'bonanza', 5),
	(10045, 'explode', 5),
	(10046, 'omnipotent', 5),
	(10047, 'share', 5),
	(10048, 'black-hole', 5),
	(10049, 'shadow-dash', 5),
	(10050, 'sprint', 5),
	(10051, 'disgust', 5),
	(10052, 'high-rise', 5),
	(10053, 'climber', 5),
	(10054, 'flame-boost', 5),
	(10055, 'aqua-boost', 5),
	(10056, 'run-up', 5),
	(10057, 'conqueror', 5),
	(10058, 'shackle', 5),
	(10059, 'decoy', 5),
	(10060, 'shield', 5);
/*!40000 ALTER TABLE `ability` ENABLE KEYS */;

-- Volcando datos para la tabla pokedex.pokemon: ~807 rows (aproximadamente)
/*!40000 ALTER TABLE `pokemon` DISABLE KEYS */;
INSERT INTO `pokemon` (`id`, `name`, `height`, `weight`) VALUES
	(1, 'bulbasaur', 7, 69),
	(2, 'ivysaur', 10, 130),
	(3, 'venusaur', 20, 1000),
	(4, 'charmander', 6, 85),
	(5, 'charmeleon', 11, 190),
	(6, 'charizard', 17, 905),
	(7, 'squirtle', 5, 90),
	(8, 'wartortle', 10, 225),
	(9, 'blastoise', 16, 855),
	(10, 'caterpie', 3, 29),
	(11, 'metapod', 7, 99),
	(12, 'butterfree', 11, 320),
	(13, 'weedle', 3, 32),
	(14, 'kakuna', 6, 100),
	(15, 'beedrill', 10, 295),
	(16, 'pidgey', 3, 18),
	(17, 'pidgeotto', 11, 300),
	(18, 'pidgeot', 15, 395),
	(19, 'rattata', 3, 35),
	(20, 'raticate', 7, 185),
	(21, 'spearow', 3, 20),
	(22, 'fearow', 12, 380),
	(23, 'ekans', 20, 69),
	(24, 'arbok', 35, 650),
	(25, 'pikachu', 4, 60),
	(26, 'raichu', 8, 300),
	(27, 'sandshrew', 6, 120),
	(28, 'sandslash', 10, 295),
	(29, 'nidoran_f', 4, 70),
	(30, 'nidorina', 8, 200),
	(31, 'nidoqueen', 13, 600),
	(32, 'nidoran_m', 5, 90),
	(33, 'nidorino', 9, 195),
	(34, 'nidoking', 14, 620),
	(35, 'clefairy', 6, 75),
	(36, 'clefable', 13, 400),
	(37, 'vulpix', 6, 99),
	(38, 'ninetales', 11, 199),
	(39, 'jigglypuff', 5, 55),
	(40, 'wigglytuff', 10, 120),
	(41, 'zubat', 8, 75),
	(42, 'golbat', 16, 550),
	(43, 'oddish', 5, 54),
	(44, 'gloom', 8, 86),
	(45, 'vileplume', 12, 186),
	(46, 'paras', 3, 54),
	(47, 'parasect', 10, 295),
	(48, 'venonat', 10, 300),
	(49, 'venomoth', 15, 125),
	(50, 'diglett', 2, 8),
	(51, 'dugtrio', 7, 333),
	(52, 'meowth', 4, 42),
	(53, 'persian', 10, 320),
	(54, 'psyduck', 8, 196),
	(55, 'golduck', 17, 766),
	(56, 'mankey', 5, 280),
	(57, 'primeape', 10, 320),
	(58, 'growlithe', 7, 190),
	(59, 'arcanine', 19, 1550),
	(60, 'poliwag', 6, 124),
	(61, 'poliwhirl', 10, 200),
	(62, 'poliwrath', 13, 540),
	(63, 'abra', 9, 195),
	(64, 'kadabra', 13, 565),
	(65, 'alakazam', 15, 480),
	(66, 'machop', 8, 195),
	(67, 'machoke', 15, 705),
	(68, 'machamp', 16, 1300),
	(69, 'bellsprout', 7, 40),
	(70, 'weepinbell', 10, 64),
	(71, 'victreebel', 17, 155),
	(72, 'tentacool', 9, 455),
	(73, 'tentacruel', 16, 550),
	(74, 'geodude', 4, 200),
	(75, 'graveler', 10, 1050),
	(76, 'golem', 14, 3000),
	(77, 'ponyta', 10, 300),
	(78, 'rapidash', 17, 950),
	(79, 'slowpoke', 12, 360),
	(80, 'slowbro', 16, 785),
	(81, 'magnemite', 3, 60),
	(82, 'magneton', 10, 600),
	(83, 'farfetchd', 8, 150),
	(84, 'doduo', 14, 392),
	(85, 'dodrio', 18, 852),
	(86, 'seel', 11, 900),
	(87, 'dewgong', 17, 1200),
	(88, 'grimer', 9, 300),
	(89, 'muk', 12, 300),
	(90, 'shellder', 3, 40),
	(91, 'cloyster', 15, 1325),
	(92, 'gastly', 13, 1),
	(93, 'haunter', 16, 1),
	(94, 'gengar', 15, 405),
	(95, 'onix', 88, 2100),
	(96, 'drowzee', 10, 324),
	(97, 'hypno', 16, 756),
	(98, 'krabby', 4, 65),
	(99, 'kingler', 13, 600),
	(100, 'voltorb', 5, 104),
	(101, 'electrode', 12, 666),
	(102, 'exeggcute', 4, 25),
	(103, 'exeggutor', 20, 1200),
	(104, 'cubone', 4, 65),
	(105, 'marowak', 10, 450),
	(106, 'hitmonlee', 15, 498),
	(107, 'hitmonchan', 14, 502),
	(108, 'lickitung', 12, 655),
	(109, 'koffing', 6, 10),
	(110, 'weezing', 12, 95),
	(111, 'rhyhorn', 10, 1150),
	(112, 'rhydon', 19, 1200),
	(113, 'chansey', 11, 346),
	(114, 'tangela', 10, 350),
	(115, 'kangaskhan', 22, 800),
	(116, 'horsea', 4, 80),
	(117, 'seadra', 12, 250),
	(118, 'goldeen', 6, 150),
	(119, 'seaking', 13, 390),
	(120, 'staryu', 8, 345),
	(121, 'starmie', 11, 800),
	(122, 'mr-mime', 13, 545),
	(123, 'scyther', 15, 560),
	(124, 'jynx', 14, 406),
	(125, 'electabuzz', 11, 300),
	(126, 'magmar', 13, 445),
	(127, 'pinsir', 15, 550),
	(128, 'tauros', 14, 884),
	(129, 'magikarp', 9, 100),
	(130, 'gyarados', 65, 2350),
	(131, 'lapras', 25, 2200),
	(132, 'ditto', 3, 40),
	(133, 'eevee', 3, 65),
	(134, 'vaporeon', 10, 290),
	(135, 'jolteon', 8, 245),
	(136, 'flareon', 9, 250),
	(137, 'porygon', 8, 365),
	(138, 'omanyte', 4, 75),
	(139, 'omastar', 10, 350),
	(140, 'kabuto', 5, 115),
	(141, 'kabutops', 13, 405),
	(142, 'aerodactyl', 18, 590),
	(143, 'snorlax', 21, 4600),
	(144, 'articuno', 17, 554),
	(145, 'zapdos', 16, 526),
	(146, 'moltres', 20, 600),
	(147, 'dratini', 18, 33),
	(148, 'dragonair', 40, 165),
	(149, 'dragonite', 22, 2100),
	(150, 'mewtwo', 20, 1220),
	(151, 'mew', 4, 40),
	(152, 'chikorita', 9, 64),
	(153, 'bayleef', 12, 158),
	(154, 'meganium', 18, 1005),
	(155, 'cyndaquil', 5, 79),
	(156, 'quilava', 9, 190),
	(157, 'typhlosion', 17, 795),
	(158, 'totodile', 6, 95),
	(159, 'croconaw', 11, 250),
	(160, 'feraligatr', 23, 888),
	(161, 'sentret', 8, 60),
	(162, 'furret', 18, 325),
	(163, 'hoothoot', 7, 212),
	(164, 'noctowl', 16, 408),
	(165, 'ledyba', 10, 108),
	(166, 'ledian', 14, 356),
	(167, 'spinarak', 5, 85),
	(168, 'ariados', 11, 335),
	(169, 'crobat', 18, 750),
	(170, 'chinchou', 5, 120),
	(171, 'lanturn', 12, 225),
	(172, 'pichu', 3, 20),
	(173, 'cleffa', 3, 30),
	(174, 'igglybuff', 3, 10),
	(175, 'togepi', 3, 15),
	(176, 'togetic', 6, 32),
	(177, 'natu', 2, 20),
	(178, 'xatu', 15, 150),
	(179, 'mareep', 6, 78),
	(180, 'flaaffy', 8, 133),
	(181, 'ampharos', 14, 615),
	(182, 'bellossom', 4, 58),
	(183, 'marill', 4, 85),
	(184, 'azumarill', 8, 285),
	(185, 'sudowoodo', 12, 380),
	(186, 'politoed', 11, 339),
	(187, 'hoppip', 4, 5),
	(188, 'skiploom', 6, 10),
	(189, 'jumpluff', 8, 30),
	(190, 'aipom', 8, 115),
	(191, 'sunkern', 3, 18),
	(192, 'sunflora', 8, 85),
	(193, 'yanma', 12, 380),
	(194, 'wooper', 4, 85),
	(195, 'quagsire', 14, 750),
	(196, 'espeon', 9, 265),
	(197, 'umbreon', 10, 270),
	(198, 'murkrow', 5, 21),
	(199, 'slowking', 20, 795),
	(200, 'misdreavus', 7, 10),
	(201, 'unown', 5, 50),
	(202, 'wobbuffet', 13, 285),
	(203, 'girafarig', 15, 415),
	(204, 'pineco', 6, 72),
	(205, 'forretress', 12, 1258),
	(206, 'dunsparce', 15, 140),
	(207, 'gligar', 11, 648),
	(208, 'steelix', 92, 4000),
	(209, 'snubbull', 6, 78),
	(210, 'granbull', 14, 487),
	(211, 'qwilfish', 5, 39),
	(212, 'scizor', 18, 1180),
	(213, 'shuckle', 6, 205),
	(214, 'heracross', 15, 540),
	(215, 'sneasel', 9, 280),
	(216, 'teddiursa', 6, 88),
	(217, 'ursaring', 18, 1258),
	(218, 'slugma', 7, 350),
	(219, 'magcargo', 8, 550),
	(220, 'swinub', 4, 65),
	(221, 'piloswine', 11, 558),
	(222, 'corsola', 6, 50),
	(223, 'remoraid', 6, 120),
	(224, 'octillery', 9, 285),
	(225, 'delibird', 9, 160),
	(226, 'mantine', 21, 2200),
	(227, 'skarmory', 17, 505),
	(228, 'houndour', 6, 108),
	(229, 'houndoom', 14, 350),
	(230, 'kingdra', 18, 1520),
	(231, 'phanpy', 5, 335),
	(232, 'donphan', 11, 1200),
	(233, 'porygon2', 6, 325),
	(234, 'stantler', 14, 712),
	(235, 'smeargle', 12, 580),
	(236, 'tyrogue', 7, 210),
	(237, 'hitmontop', 14, 480),
	(238, 'smoochum', 4, 60),
	(239, 'elekid', 6, 235),
	(240, 'magby', 7, 214),
	(241, 'miltank', 12, 755),
	(242, 'blissey', 15, 468),
	(243, 'raikou', 19, 1780),
	(244, 'entei', 21, 1980),
	(245, 'suicune', 20, 1870),
	(246, 'larvitar', 6, 720),
	(247, 'pupitar', 12, 1520),
	(248, 'tyranitar', 20, 2020),
	(249, 'lugia', 52, 2160),
	(250, 'ho-oh', 38, 1990),
	(251, 'celebi', 6, 50),
	(252, 'treecko', 5, 50),
	(253, 'grovyle', 9, 216),
	(254, 'sceptile', 17, 522),
	(255, 'torchic', 4, 25),
	(256, 'combusken', 9, 195),
	(257, 'blaziken', 19, 520),
	(258, 'mudkip', 4, 76),
	(259, 'marshtomp', 7, 280),
	(260, 'swampert', 15, 819),
	(261, 'poochyena', 5, 136),
	(262, 'mightyena', 10, 370),
	(263, 'zigzagoon', 4, 175),
	(264, 'linoone', 5, 325),
	(265, 'wurmple', 3, 36),
	(266, 'silcoon', 6, 100),
	(267, 'beautifly', 10, 284),
	(268, 'cascoon', 7, 115),
	(269, 'dustox', 12, 316),
	(270, 'lotad', 5, 26),
	(271, 'lombre', 12, 325),
	(272, 'ludicolo', 15, 550),
	(273, 'seedot', 5, 40),
	(274, 'nuzleaf', 10, 280),
	(275, 'shiftry', 13, 596),
	(276, 'taillow', 3, 23),
	(277, 'swellow', 7, 198),
	(278, 'wingull', 6, 95),
	(279, 'pelipper', 12, 280),
	(280, 'ralts', 4, 66),
	(281, 'kirlia', 8, 202),
	(282, 'gardevoir', 16, 484),
	(283, 'surskit', 5, 17),
	(284, 'masquerain', 8, 36),
	(285, 'shroomish', 4, 45),
	(286, 'breloom', 12, 392),
	(287, 'slakoth', 8, 240),
	(288, 'vigoroth', 14, 465),
	(289, 'slaking', 20, 1305),
	(290, 'nincada', 5, 55),
	(291, 'ninjask', 8, 120),
	(292, 'shedinja', 8, 12),
	(293, 'whismur', 6, 163),
	(294, 'loudred', 10, 405),
	(295, 'exploud', 15, 840),
	(296, 'makuhita', 10, 864),
	(297, 'hariyama', 23, 2538),
	(298, 'azurill', 2, 20),
	(299, 'nosepass', 10, 970),
	(300, 'skitty', 6, 110),
	(301, 'delcatty', 11, 326),
	(302, 'sableye', 5, 110),
	(303, 'mawile', 6, 115),
	(304, 'aron', 4, 600),
	(305, 'lairon', 9, 1200),
	(306, 'aggron', 21, 3600),
	(307, 'meditite', 6, 112),
	(308, 'medicham', 13, 315),
	(309, 'electrike', 6, 152),
	(310, 'manectric', 15, 402),
	(311, 'plusle', 4, 42),
	(312, 'minun', 4, 42),
	(313, 'volbeat', 7, 177),
	(314, 'illumise', 6, 177),
	(315, 'roselia', 3, 20),
	(316, 'gulpin', 4, 103),
	(317, 'swalot', 17, 800),
	(318, 'carvanha', 8, 208),
	(319, 'sharpedo', 18, 888),
	(320, 'wailmer', 20, 1300),
	(321, 'wailord', 145, 3980),
	(322, 'numel', 7, 240),
	(323, 'camerupt', 19, 2200),
	(324, 'torkoal', 5, 804),
	(325, 'spoink', 7, 306),
	(326, 'grumpig', 9, 715),
	(327, 'spinda', 11, 50),
	(328, 'trapinch', 7, 150),
	(329, 'vibrava', 11, 153),
	(330, 'flygon', 20, 820),
	(331, 'cacnea', 4, 513),
	(332, 'cacturne', 13, 774),
	(333, 'swablu', 4, 12),
	(334, 'altaria', 11, 206),
	(335, 'zangoose', 13, 403),
	(336, 'seviper', 27, 525),
	(337, 'lunatone', 10, 1680),
	(338, 'solrock', 12, 1540),
	(339, 'barboach', 4, 19),
	(340, 'whiscash', 9, 236),
	(341, 'corphish', 6, 115),
	(342, 'crawdaunt', 11, 328),
	(343, 'baltoy', 5, 215),
	(344, 'claydol', 15, 1080),
	(345, 'lileep', 10, 238),
	(346, 'cradily', 15, 604),
	(347, 'anorith', 7, 125),
	(348, 'armaldo', 15, 682),
	(349, 'feebas', 6, 74),
	(350, 'milotic', 62, 1620),
	(351, 'castform', 3, 8),
	(352, 'kecleon', 10, 220),
	(353, 'shuppet', 6, 23),
	(354, 'banette', 11, 125),
	(355, 'duskull', 8, 150),
	(356, 'dusclops', 16, 306),
	(357, 'tropius', 20, 1000),
	(358, 'chimecho', 6, 10),
	(359, 'absol', 12, 470),
	(360, 'wynaut', 6, 140),
	(361, 'snorunt', 7, 168),
	(362, 'glalie', 15, 2565),
	(363, 'spheal', 8, 395),
	(364, 'sealeo', 11, 876),
	(365, 'walrein', 14, 1506),
	(366, 'clamperl', 4, 525),
	(367, 'huntail', 17, 270),
	(368, 'gorebyss', 18, 226),
	(369, 'relicanth', 10, 234),
	(370, 'luvdisc', 6, 87),
	(371, 'bagon', 6, 421),
	(372, 'shelgon', 11, 1105),
	(373, 'salamence', 15, 1026),
	(374, 'beldum', 6, 952),
	(375, 'metang', 12, 2025),
	(376, 'metagross', 16, 5500),
	(377, 'regirock', 17, 2300),
	(378, 'regice', 18, 1750),
	(379, 'registeel', 19, 2050),
	(380, 'latias', 14, 400),
	(381, 'latios', 20, 600),
	(382, 'kyogre', 45, 3520),
	(383, 'groudon', 35, 9500),
	(384, 'rayquaza', 70, 2065),
	(385, 'jirachi', 3, 11),
	(386, 'deoxys', 17, 608),
	(387, 'turtwig', 4, 102),
	(388, 'grotle', 11, 970),
	(389, 'torterra', 22, 3100),
	(390, 'chimchar', 5, 62),
	(391, 'monferno', 9, 220),
	(392, 'infernape', 12, 550),
	(393, 'piplup', 4, 52),
	(394, 'prinplup', 8, 230),
	(395, 'empoleon', 17, 845),
	(396, 'starly', 3, 20),
	(397, 'staravia', 6, 155),
	(398, 'staraptor', 12, 249),
	(399, 'bidoof', 5, 200),
	(400, 'bibarel', 10, 315),
	(401, 'kricketot', 3, 22),
	(402, 'kricketune', 10, 255),
	(403, 'shinx', 5, 95),
	(404, 'luxio', 9, 305),
	(405, 'luxray', 14, 420),
	(406, 'budew', 2, 12),
	(407, 'roserade', 9, 145),
	(408, 'cranidos', 9, 315),
	(409, 'rampardos', 16, 1025),
	(410, 'shieldon', 5, 570),
	(411, 'bastiodon', 13, 1495),
	(412, 'burmy', 2, 34),
	(413, 'wormadam', 5, 65),
	(414, 'mothim', 9, 233),
	(415, 'combee', 3, 55),
	(416, 'vespiquen', 12, 385),
	(417, 'pachirisu', 4, 39),
	(418, 'buizel', 7, 295),
	(419, 'floatzel', 11, 335),
	(420, 'cherubi', 4, 33),
	(421, 'cherrim', 5, 93),
	(422, 'shellos', 3, 63),
	(423, 'gastrodon', 9, 299),
	(424, 'ambipom', 12, 203),
	(425, 'drifloon', 4, 12),
	(426, 'drifblim', 12, 150),
	(427, 'buneary', 4, 55),
	(428, 'lopunny', 12, 333),
	(429, 'mismagius', 9, 44),
	(430, 'honchkrow', 9, 273),
	(431, 'glameow', 5, 39),
	(432, 'purugly', 10, 438),
	(433, 'chingling', 2, 6),
	(434, 'stunky', 4, 192),
	(435, 'skuntank', 10, 380),
	(436, 'bronzor', 5, 605),
	(437, 'bronzong', 13, 1870),
	(438, 'bonsly', 5, 150),
	(439, 'mime_jr', 6, 130),
	(440, 'happiny', 6, 244),
	(441, 'chatot', 5, 19),
	(442, 'spiritomb', 10, 1080),
	(443, 'gible', 7, 205),
	(444, 'gabite', 14, 560),
	(445, 'garchomp', 19, 950),
	(446, 'munchlax', 6, 1050),
	(447, 'riolu', 7, 202),
	(448, 'lucario', 12, 540),
	(449, 'hippopotas', 8, 495),
	(450, 'hippowdon', 20, 3000),
	(451, 'skorupi', 8, 120),
	(452, 'drapion', 13, 615),
	(453, 'croagunk', 7, 230),
	(454, 'toxicroak', 13, 444),
	(455, 'carnivine', 14, 270),
	(456, 'finneon', 4, 70),
	(457, 'lumineon', 12, 240),
	(458, 'mantyke', 10, 650),
	(459, 'snover', 10, 505),
	(460, 'abomasnow', 22, 1355),
	(461, 'weavile', 11, 340),
	(462, 'magnezone', 12, 1800),
	(463, 'lickilicky', 17, 1400),
	(464, 'rhyperior', 24, 2828),
	(465, 'tangrowth', 20, 1286),
	(466, 'electivire', 18, 1386),
	(467, 'magmortar', 16, 680),
	(468, 'togekiss', 15, 380),
	(469, 'yanmega', 19, 515),
	(470, 'leafeon', 10, 255),
	(471, 'glaceon', 8, 259),
	(472, 'gliscor', 20, 425),
	(473, 'mamoswine', 25, 2910),
	(474, 'porygon-z', 9, 340),
	(475, 'gallade', 16, 520),
	(476, 'probopass', 14, 3400),
	(477, 'dusknoir', 22, 1066),
	(478, 'froslass', 13, 266),
	(479, 'rotom', 3, 3),
	(480, 'uxie', 3, 3),
	(481, 'mesprit', 3, 3),
	(482, 'azelf', 3, 3),
	(483, 'dialga', 54, 6830),
	(484, 'palkia', 42, 3360),
	(485, 'heatran', 17, 4300),
	(486, 'regigigas', 37, 4200),
	(487, 'giratina', 45, 7500),
	(488, 'cresselia', 15, 856),
	(489, 'phione', 4, 31),
	(490, 'manaphy', 3, 14),
	(491, 'darkrai', 15, 505),
	(492, 'shaymin', 2, 21),
	(493, 'arceus', 32, 3200),
	(494, 'victini', 4, 40),
	(495, 'snivy', 6, 81),
	(496, 'servine', 8, 160),
	(497, 'serperior', 33, 630),
	(498, 'tepig', 5, 99),
	(499, 'pignite', 10, 555),
	(500, 'emboar', 16, 1500),
	(501, 'oshawott', 5, 59),
	(502, 'dewott', 8, 245),
	(503, 'samurott', 15, 946),
	(504, 'patrat', 5, 116),
	(505, 'watchog', 11, 270),
	(506, 'lillipup', 4, 41),
	(507, 'herdier', 9, 147),
	(508, 'stoutland', 12, 610),
	(509, 'purrloin', 4, 101),
	(510, 'liepard', 11, 375),
	(511, 'pansage', 6, 105),
	(512, 'simisage', 11, 305),
	(513, 'pansear', 6, 110),
	(514, 'simisear', 10, 280),
	(515, 'panpour', 6, 135),
	(516, 'simipour', 10, 290),
	(517, 'munna', 6, 233),
	(518, 'musharna', 11, 605),
	(519, 'pidove', 3, 21),
	(520, 'tranquill', 6, 150),
	(521, 'unfezant', 12, 290),
	(522, 'blitzle', 8, 298),
	(523, 'zebstrika', 16, 795),
	(524, 'roggenrola', 4, 180),
	(525, 'boldore', 9, 1020),
	(526, 'gigalith', 17, 2600),
	(527, 'woobat', 4, 21),
	(528, 'swoobat', 9, 105),
	(529, 'drilbur', 3, 85),
	(530, 'excadrill', 7, 404),
	(531, 'audino', 11, 310),
	(532, 'timburr', 6, 125),
	(533, 'gurdurr', 12, 400),
	(534, 'conkeldurr', 14, 870),
	(535, 'tympole', 5, 45),
	(536, 'palpitoad', 8, 170),
	(537, 'seismitoad', 15, 620),
	(538, 'throh', 13, 555),
	(539, 'sawk', 14, 510),
	(540, 'sewaddle', 3, 25),
	(541, 'swadloon', 5, 73),
	(542, 'leavanny', 12, 205),
	(543, 'venipede', 4, 53),
	(544, 'whirlipede', 12, 585),
	(545, 'scolipede', 25, 2005),
	(546, 'cottonee', 3, 6),
	(547, 'whimsicott', 7, 66),
	(548, 'petilil', 5, 66),
	(549, 'lilligant', 11, 163),
	(550, 'basculin', 10, 180),
	(551, 'sandile', 7, 152),
	(552, 'krokorok', 10, 334),
	(553, 'krookodile', 15, 963),
	(554, 'darumaka', 6, 375),
	(555, 'darmanitan', 13, 929),
	(556, 'maractus', 10, 280),
	(557, 'dwebble', 3, 145),
	(558, 'crustle', 14, 2000),
	(559, 'scraggy', 6, 118),
	(560, 'scrafty', 11, 300),
	(561, 'sigilyph', 14, 140),
	(562, 'yamask', 5, 15),
	(563, 'cofagrigus', 17, 765),
	(564, 'tirtouga', 7, 165),
	(565, 'carracosta', 12, 810),
	(566, 'archen', 5, 95),
	(567, 'archeops', 14, 320),
	(568, 'trubbish', 6, 310),
	(569, 'garbodor', 19, 1073),
	(570, 'zorua', 7, 125),
	(571, 'zoroark', 16, 811),
	(572, 'minccino', 4, 58),
	(573, 'cinccino', 5, 75),
	(574, 'gothita', 4, 58),
	(575, 'gothorita', 7, 180),
	(576, 'gothitelle', 15, 440),
	(577, 'solosis', 3, 10),
	(578, 'duosion', 6, 80),
	(579, 'reuniclus', 10, 201),
	(580, 'ducklett', 5, 55),
	(581, 'swanna', 13, 242),
	(582, 'vanillite', 4, 57),
	(583, 'vanillish', 11, 410),
	(584, 'vanilluxe', 13, 575),
	(585, 'deerling', 6, 195),
	(586, 'sawsbuck', 19, 925),
	(587, 'emolga', 4, 50),
	(588, 'karrablast', 5, 59),
	(589, 'escavalier', 10, 330),
	(590, 'foongus', 2, 10),
	(591, 'amoonguss', 6, 105),
	(592, 'frillish', 12, 330),
	(593, 'jellicent', 22, 1350),
	(594, 'alomomola', 12, 316),
	(595, 'joltik', 1, 6),
	(596, 'galvantula', 8, 143),
	(597, 'ferroseed', 6, 188),
	(598, 'ferrothorn', 10, 1100),
	(599, 'klink', 3, 210),
	(600, 'klang', 6, 510),
	(601, 'klinklang', 6, 810),
	(602, 'tynamo', 2, 3),
	(603, 'eelektrik', 12, 220),
	(604, 'eelektross', 21, 805),
	(605, 'elgyem', 5, 90),
	(606, 'beheeyem', 10, 345),
	(607, 'litwick', 3, 31),
	(608, 'lampent', 6, 130),
	(609, 'chandelure', 10, 343),
	(610, 'axew', 6, 180),
	(611, 'fraxure', 10, 360),
	(612, 'haxorus', 18, 1055),
	(613, 'cubchoo', 5, 85),
	(614, 'beartic', 26, 2600),
	(615, 'cryogonal', 11, 1480),
	(616, 'shelmet', 4, 77),
	(617, 'accelgor', 8, 253),
	(618, 'stunfisk', 7, 110),
	(619, 'mienfoo', 9, 200),
	(620, 'mienshao', 14, 355),
	(621, 'druddigon', 16, 1390),
	(622, 'golett', 10, 920),
	(623, 'golurk', 28, 3300),
	(624, 'pawniard', 5, 102),
	(625, 'bisharp', 16, 700),
	(626, 'bouffalant', 16, 946),
	(627, 'rufflet', 5, 105),
	(628, 'braviary', 15, 410),
	(629, 'vullaby', 5, 90),
	(630, 'mandibuzz', 12, 395),
	(631, 'heatmor', 14, 580),
	(632, 'durant', 3, 330),
	(633, 'deino', 8, 173),
	(634, 'zweilous', 14, 500),
	(635, 'hydreigon', 18, 1600),
	(636, 'larvesta', 11, 288),
	(637, 'volcarona', 16, 460),
	(638, 'cobalion', 21, 2500),
	(639, 'terrakion', 19, 2600),
	(640, 'virizion', 20, 2000),
	(641, 'tornadus', 15, 630),
	(642, 'thundurus', 15, 610),
	(643, 'reshiram', 32, 3300),
	(644, 'zekrom', 29, 3450),
	(645, 'landorus', 15, 680),
	(646, 'kyurem', 30, 3250),
	(647, 'keldeo', 14, 485),
	(648, 'meloetta', 6, 65),
	(649, 'genesect', 15, 825),
	(650, 'chespin', 4, 90),
	(651, 'quilladin', 7, 290),
	(652, 'chesnaught', 16, 900),
	(653, 'fennekin', 4, 94),
	(654, 'braixen', 10, 145),
	(655, 'delphox', 15, 390),
	(656, 'froakie', 3, 70),
	(657, 'frogadier', 6, 109),
	(658, 'greninja', 15, 400),
	(659, 'bunnelby', 4, 50),
	(660, 'diggersby', 10, 424),
	(661, 'fletchling', 3, 17),
	(662, 'fletchinder', 7, 160),
	(663, 'talonflame', 12, 245),
	(664, 'scatterbug', 3, 25),
	(665, 'spewpa', 3, 84),
	(666, 'vivillon', 12, 170),
	(667, 'litleo', 6, 135),
	(668, 'pyroar', 15, 815),
	(669, 'flabebe', 1, 1),
	(670, 'floette', 2, 9),
	(671, 'florges', 11, 100),
	(672, 'skiddo', 9, 310),
	(673, 'gogoat', 17, 910),
	(674, 'pancham', 6, 80),
	(675, 'pangoro', 21, 1360),
	(676, 'furfrou', 12, 280),
	(677, 'espurr', 3, 35),
	(678, 'meowstic', 6, 85),
	(679, 'honedge', 8, 20),
	(680, 'doublade', 8, 45),
	(681, 'aegislash', 17, 530),
	(682, 'spritzee', 2, 5),
	(683, 'aromatisse', 8, 155),
	(684, 'swirlix', 4, 35),
	(685, 'slurpuff', 8, 50),
	(686, 'inkay', 4, 35),
	(687, 'malamar', 15, 470),
	(688, 'binacle', 5, 310),
	(689, 'barbaracle', 13, 960),
	(690, 'skrelp', 5, 73),
	(691, 'dragalge', 18, 815),
	(692, 'clauncher', 5, 83),
	(693, 'clawitzer', 13, 353),
	(694, 'helioptile', 5, 60),
	(695, 'heliolisk', 10, 210),
	(696, 'tyrunt', 8, 260),
	(697, 'tyrantrum', 25, 2700),
	(698, 'amaura', 13, 252),
	(699, 'aurorus', 27, 2250),
	(700, 'sylveon', 10, 235),
	(701, 'hawlucha', 8, 215),
	(702, 'dedenne', 2, 22),
	(703, 'carbink', 3, 57),
	(704, 'goomy', 3, 28),
	(705, 'sliggoo', 8, 175),
	(706, 'goodra', 20, 1505),
	(707, 'klefki', 2, 30),
	(708, 'phantump', 4, 70),
	(709, 'trevenant', 15, 710),
	(710, 'pumpkaboo', 4, 50),
	(711, 'gourgeist', 9, 125),
	(712, 'bergmite', 10, 995),
	(713, 'avalugg', 20, 5050),
	(714, 'noibat', 5, 80),
	(715, 'noivern', 15, 850),
	(716, 'xerneas', 30, 2150),
	(717, 'yveltal', 58, 2030),
	(718, 'zygarde', 50, 3050),
	(719, 'diancie', 7, 88),
	(720, 'hoopa', 5, 90),
	(721, 'volcanion', 17, 1950),
	(722, 'rowlet', 3, 15),
	(723, 'dartrix', 7, 160),
	(724, 'decidueye', 16, 366),
	(725, 'litten', 4, 43),
	(726, 'torracat', 7, 250),
	(727, 'incineroar', 18, 830),
	(728, 'popplio', 4, 75),
	(729, 'brionne', 6, 175),
	(730, 'primarina', 18, 440),
	(731, 'pikipek', 3, 12),
	(732, 'trumbeak', 6, 148),
	(733, 'toucannon', 11, 260),
	(734, 'yungoos', 4, 60),
	(735, 'gumshoos', 7, 142),
	(736, 'grubbin', 4, 44),
	(737, 'charjabug', 5, 105),
	(738, 'vikavolt', 15, 450),
	(739, 'crabrawler', 6, 70),
	(740, 'crabominable', 17, 1800),
	(741, 'oricorio', 6, 34),
	(742, 'cutiefly', 1, 2),
	(743, 'ribombee', 2, 5),
	(744, 'rockruff', 5, 92),
	(745, 'lycanroc', 8, 250),
	(746, 'wishiwashi', 2, 3),
	(747, 'mareanie', 4, 80),
	(748, 'toxapex', 7, 145),
	(749, 'mudbray', 10, 1100),
	(750, 'mudsdale', 25, 9200),
	(751, 'dewpider', 3, 40),
	(752, 'araquanid', 18, 820),
	(753, 'fomantis', 3, 15),
	(754, 'lurantis', 9, 185),
	(755, 'morelull', 2, 15),
	(756, 'shiinotic', 10, 115),
	(757, 'salandit', 6, 48),
	(758, 'salazzle', 12, 222),
	(759, 'stufful', 5, 68),
	(760, 'bewear', 21, 1350),
	(761, 'bounsweet', 3, 32),
	(762, 'steenee', 7, 82),
	(763, 'tsareena', 12, 214),
	(764, 'comfey', 1, 3),
	(765, 'oranguru', 15, 760),
	(766, 'passimian', 20, 828),
	(767, 'wimpod', 5, 120),
	(768, 'golisopod', 20, 1080),
	(769, 'sandygast', 5, 700),
	(770, 'palossand', 13, 2500),
	(771, 'pyukumuku', 3, 12),
	(772, 'typenull', 19, 1205),
	(773, 'silvally', 23, 1005),
	(774, 'minior', 3, 400),
	(775, 'komala', 4, 199),
	(776, 'turtonator', 20, 2120),
	(777, 'togedemaru', 3, 33),
	(778, 'mimikyu', 2, 7),
	(779, 'bruxish', 9, 190),
	(780, 'drampa', 30, 1850),
	(781, 'dhelmise', 39, 2100),
	(782, 'jangmo-o', 6, 297),
	(783, 'hakamo-o', 12, 470),
	(784, 'kommo-o', 16, 782),
	(785, 'tapukoko', 18, 205),
	(786, 'tapulele', 12, 186),
	(787, 'tapubulu', 19, 455),
	(788, 'tapufini', 13, 212),
	(789, 'cosmog', 2, 1),
	(790, 'cosmoem', 1, 9999),
	(791, 'solgaleo', 34, 2300),
	(792, 'lunala', 40, 1200),
	(793, 'nihilego', 12, 555),
	(794, 'buzzwole', 24, 3336),
	(795, 'pheromosa', 18, 250),
	(796, 'xurkitree', 38, 1000),
	(797, 'celesteela', 92, 9999),
	(798, 'kartana', 3, 1),
	(799, 'guzzlord', 55, 8880),
	(800, 'necrozma', 24, 2300),
	(801, 'magearna', 10, 805),
	(802, 'marshadow', 7, 222),
	(803, 'poipole', 6, 18),
	(804, 'naganadel', 36, 1500),
	(805, 'stakataka', 55, 8200),
	(806, 'blacephalon', 18, 130),
	(807, 'zeraora', 15, 445);
/*!40000 ALTER TABLE `pokemon` ENABLE KEYS */;

-- Volcando datos para la tabla pokedex.pokemon_ability: ~1.242 rows (aproximadamente)
/*!40000 ALTER TABLE `pokemon_ability` DISABLE KEYS */;
INSERT INTO `pokemon_ability` (`id`, `pokemon_id`, `ability_id`, `slot`) VALUES
	(1, 1, 65, 1),
	(3, 2, 65, 1),
	(5, 3, 65, 1),
	(7, 4, 66, 1),
	(9, 5, 66, 1),
	(11, 6, 66, 1),
	(13, 7, 67, 1),
	(15, 8, 67, 1),
	(17, 9, 67, 1),
	(19, 10, 19, 1),
	(21, 11, 61, 1),
	(22, 12, 14, 1),
	(24, 13, 19, 1),
	(26, 14, 61, 1),
	(27, 15, 68, 1),
	(29, 16, 51, 1),
	(30, 16, 77, 2),
	(32, 17, 51, 1),
	(33, 17, 77, 2),
	(35, 18, 51, 1),
	(36, 18, 77, 2),
	(38, 19, 50, 1),
	(39, 19, 62, 2),
	(41, 20, 50, 1),
	(42, 20, 62, 2),
	(44, 21, 51, 1),
	(46, 22, 51, 1),
	(48, 23, 22, 1),
	(49, 23, 61, 2),
	(51, 24, 22, 1),
	(52, 24, 61, 2),
	(54, 25, 9, 1),
	(56, 26, 9, 1),
	(58, 27, 8, 1),
	(60, 28, 8, 1),
	(62, 29, 38, 1),
	(63, 29, 79, 2),
	(65, 30, 38, 1),
	(66, 30, 79, 2),
	(68, 31, 38, 1),
	(69, 31, 79, 2),
	(71, 32, 38, 1),
	(72, 32, 79, 2),
	(74, 33, 38, 1),
	(75, 33, 79, 2),
	(77, 34, 38, 1),
	(78, 34, 79, 2),
	(80, 35, 56, 1),
	(81, 35, 98, 2),
	(83, 36, 56, 1),
	(84, 36, 98, 2),
	(86, 37, 18, 1),
	(88, 38, 18, 1),
	(90, 39, 56, 1),
	(91, 39, 172, 2),
	(93, 40, 56, 1),
	(94, 40, 172, 2),
	(96, 41, 39, 1),
	(98, 42, 39, 1),
	(100, 43, 34, 1),
	(102, 44, 34, 1),
	(104, 45, 34, 1),
	(106, 46, 27, 1),
	(107, 46, 87, 2),
	(109, 47, 27, 1),
	(110, 47, 87, 2),
	(112, 48, 14, 1),
	(113, 48, 110, 2),
	(115, 49, 19, 1),
	(116, 49, 110, 2),
	(118, 50, 8, 1),
	(119, 50, 71, 2),
	(121, 51, 8, 1),
	(122, 51, 71, 2),
	(124, 52, 53, 1),
	(125, 52, 101, 2),
	(127, 53, 7, 1),
	(128, 53, 101, 2),
	(130, 54, 6, 1),
	(131, 54, 13, 2),
	(133, 55, 6, 1),
	(134, 55, 13, 2),
	(136, 56, 72, 1),
	(137, 56, 83, 2),
	(139, 57, 72, 1),
	(140, 57, 83, 2),
	(142, 58, 22, 1),
	(143, 58, 18, 2),
	(145, 59, 22, 1),
	(146, 59, 18, 2),
	(148, 60, 11, 1),
	(149, 60, 6, 2),
	(151, 61, 11, 1),
	(152, 61, 6, 2),
	(154, 62, 11, 1),
	(155, 62, 6, 2),
	(157, 63, 28, 1),
	(158, 63, 39, 2),
	(160, 64, 28, 1),
	(161, 64, 39, 2),
	(163, 65, 28, 1),
	(164, 65, 39, 2),
	(166, 66, 62, 1),
	(167, 66, 99, 2),
	(169, 67, 62, 1),
	(170, 67, 99, 2),
	(172, 68, 62, 1),
	(173, 68, 99, 2),
	(175, 69, 34, 1),
	(177, 70, 34, 1),
	(179, 71, 34, 1),
	(181, 72, 29, 1),
	(182, 72, 64, 2),
	(184, 73, 29, 1),
	(185, 73, 64, 2),
	(187, 74, 69, 1),
	(188, 74, 5, 2),
	(190, 75, 69, 1),
	(191, 75, 5, 2),
	(193, 76, 69, 1),
	(194, 76, 5, 2),
	(196, 77, 50, 1),
	(197, 77, 18, 2),
	(199, 78, 50, 1),
	(200, 78, 18, 2),
	(202, 79, 12, 1),
	(203, 79, 20, 2),
	(205, 80, 12, 1),
	(206, 80, 20, 2),
	(208, 81, 42, 1),
	(209, 81, 5, 2),
	(211, 82, 42, 1),
	(212, 82, 5, 2),
	(214, 83, 51, 1),
	(215, 83, 39, 2),
	(217, 84, 50, 1),
	(218, 84, 48, 2),
	(220, 85, 50, 1),
	(221, 85, 48, 2),
	(223, 86, 47, 1),
	(224, 86, 93, 2),
	(226, 87, 47, 1),
	(227, 87, 93, 2),
	(229, 88, 1, 1),
	(230, 88, 60, 2),
	(232, 89, 1, 1),
	(233, 89, 60, 2),
	(235, 90, 75, 1),
	(236, 90, 92, 2),
	(238, 91, 75, 1),
	(239, 91, 92, 2),
	(241, 92, 26, 1),
	(242, 93, 26, 1),
	(243, 94, 130, 1),
	(244, 95, 69, 1),
	(245, 95, 5, 2),
	(247, 96, 15, 1),
	(248, 96, 108, 2),
	(250, 97, 15, 1),
	(251, 97, 108, 2),
	(253, 98, 52, 1),
	(254, 98, 75, 2),
	(256, 99, 52, 1),
	(257, 99, 75, 2),
	(259, 100, 43, 1),
	(260, 100, 9, 2),
	(262, 101, 43, 1),
	(263, 101, 9, 2),
	(265, 102, 34, 1),
	(267, 103, 34, 1),
	(269, 104, 69, 1),
	(270, 104, 31, 2),
	(272, 105, 69, 1),
	(273, 105, 31, 2),
	(275, 106, 7, 1),
	(276, 106, 120, 2),
	(278, 107, 51, 1),
	(279, 107, 89, 2),
	(281, 108, 20, 1),
	(282, 108, 12, 2),
	(284, 109, 26, 1),
	(285, 110, 26, 1),
	(286, 111, 31, 1),
	(287, 111, 69, 2),
	(289, 112, 31, 1),
	(290, 112, 69, 2),
	(292, 113, 30, 1),
	(293, 113, 32, 2),
	(295, 114, 34, 1),
	(296, 114, 102, 2),
	(298, 115, 48, 1),
	(299, 115, 113, 2),
	(301, 116, 33, 1),
	(302, 116, 97, 2),
	(304, 117, 38, 1),
	(305, 117, 97, 2),
	(307, 118, 33, 1),
	(308, 118, 41, 2),
	(310, 119, 33, 1),
	(311, 119, 41, 2),
	(313, 120, 35, 1),
	(314, 120, 30, 2),
	(316, 121, 35, 1),
	(317, 121, 30, 2),
	(319, 122, 43, 1),
	(320, 122, 111, 2),
	(322, 123, 68, 1),
	(323, 123, 101, 2),
	(325, 124, 12, 1),
	(326, 124, 108, 2),
	(328, 125, 9, 1),
	(330, 126, 49, 1),
	(332, 127, 52, 1),
	(333, 127, 104, 2),
	(335, 128, 22, 1),
	(336, 128, 83, 2),
	(338, 129, 33, 1),
	(340, 130, 22, 1),
	(342, 131, 11, 1),
	(343, 131, 75, 2),
	(345, 132, 7, 1),
	(347, 133, 50, 1),
	(348, 133, 91, 2),
	(350, 134, 11, 1),
	(352, 135, 10, 1),
	(354, 136, 18, 1),
	(356, 137, 36, 1),
	(357, 137, 88, 2),
	(359, 138, 33, 1),
	(360, 138, 75, 2),
	(362, 139, 33, 1),
	(363, 139, 75, 2),
	(365, 140, 33, 1),
	(366, 140, 4, 2),
	(368, 141, 33, 1),
	(369, 141, 4, 2),
	(371, 142, 69, 1),
	(372, 142, 46, 2),
	(374, 143, 17, 1),
	(375, 143, 47, 2),
	(377, 144, 46, 1),
	(379, 145, 46, 1),
	(381, 146, 46, 1),
	(383, 147, 61, 1),
	(385, 148, 61, 1),
	(387, 149, 39, 1),
	(389, 150, 46, 1),
	(391, 151, 28, 1),
	(392, 152, 65, 1),
	(394, 153, 65, 1),
	(396, 154, 65, 1),
	(398, 155, 66, 1),
	(400, 156, 66, 1),
	(402, 157, 66, 1),
	(404, 158, 67, 1),
	(406, 159, 67, 1),
	(408, 160, 67, 1),
	(410, 161, 50, 1),
	(411, 161, 51, 2),
	(413, 162, 50, 1),
	(414, 162, 51, 2),
	(416, 163, 15, 1),
	(417, 163, 51, 2),
	(419, 164, 15, 1),
	(420, 164, 51, 2),
	(422, 165, 68, 1),
	(423, 165, 48, 2),
	(425, 166, 68, 1),
	(426, 166, 48, 2),
	(428, 167, 68, 1),
	(429, 167, 15, 2),
	(431, 168, 68, 1),
	(432, 168, 15, 2),
	(434, 169, 39, 1),
	(436, 170, 10, 1),
	(437, 170, 35, 2),
	(439, 171, 10, 1),
	(440, 171, 35, 2),
	(442, 172, 9, 1),
	(444, 173, 56, 1),
	(445, 173, 98, 2),
	(447, 174, 56, 1),
	(448, 174, 172, 2),
	(450, 175, 55, 1),
	(451, 175, 32, 2),
	(453, 176, 55, 1),
	(454, 176, 32, 2),
	(456, 177, 28, 1),
	(457, 177, 48, 2),
	(459, 178, 28, 1),
	(460, 178, 48, 2),
	(462, 179, 9, 1),
	(464, 180, 9, 1),
	(466, 181, 9, 1),
	(468, 182, 34, 1),
	(470, 183, 47, 1),
	(471, 183, 37, 2),
	(473, 184, 47, 1),
	(474, 184, 37, 2),
	(476, 185, 5, 1),
	(477, 185, 69, 2),
	(479, 186, 11, 1),
	(480, 186, 6, 2),
	(482, 187, 34, 1),
	(483, 187, 102, 2),
	(485, 188, 34, 1),
	(486, 188, 102, 2),
	(488, 189, 34, 1),
	(489, 189, 102, 2),
	(491, 190, 50, 1),
	(492, 190, 53, 2),
	(494, 191, 34, 1),
	(495, 191, 94, 2),
	(497, 192, 34, 1),
	(498, 192, 94, 2),
	(500, 193, 3, 1),
	(501, 193, 14, 2),
	(503, 194, 6, 1),
	(504, 194, 11, 2),
	(506, 195, 6, 1),
	(507, 195, 11, 2),
	(509, 196, 28, 1),
	(511, 197, 28, 1),
	(513, 198, 15, 1),
	(514, 198, 105, 2),
	(516, 199, 12, 1),
	(517, 199, 20, 2),
	(519, 200, 26, 1),
	(520, 201, 26, 1),
	(521, 202, 23, 1),
	(523, 203, 39, 1),
	(524, 203, 48, 2),
	(526, 204, 5, 1),
	(528, 205, 5, 1),
	(530, 206, 32, 1),
	(531, 206, 50, 2),
	(533, 207, 52, 1),
	(534, 207, 8, 2),
	(536, 208, 69, 1),
	(537, 208, 5, 2),
	(539, 209, 22, 1),
	(540, 209, 50, 2),
	(542, 210, 22, 1),
	(543, 210, 95, 2),
	(545, 211, 38, 1),
	(546, 211, 33, 2),
	(548, 212, 68, 1),
	(549, 212, 101, 2),
	(551, 213, 5, 1),
	(552, 213, 82, 2),
	(554, 214, 68, 1),
	(555, 214, 62, 2),
	(557, 215, 39, 1),
	(558, 215, 51, 2),
	(560, 216, 53, 1),
	(561, 216, 95, 2),
	(563, 217, 62, 1),
	(564, 217, 95, 2),
	(566, 218, 40, 1),
	(567, 218, 49, 2),
	(569, 219, 40, 1),
	(570, 219, 49, 2),
	(572, 220, 12, 1),
	(573, 220, 81, 2),
	(575, 221, 12, 1),
	(576, 221, 81, 2),
	(578, 222, 55, 1),
	(579, 222, 30, 2),
	(581, 223, 55, 1),
	(582, 223, 97, 2),
	(584, 224, 21, 1),
	(585, 224, 97, 2),
	(587, 225, 72, 1),
	(588, 225, 55, 2),
	(590, 226, 33, 1),
	(591, 226, 11, 2),
	(593, 227, 51, 1),
	(594, 227, 5, 2),
	(596, 228, 48, 1),
	(597, 228, 18, 2),
	(599, 229, 48, 1),
	(600, 229, 18, 2),
	(602, 230, 33, 1),
	(603, 230, 97, 2),
	(605, 231, 53, 1),
	(607, 232, 5, 1),
	(609, 233, 36, 1),
	(610, 233, 88, 2),
	(612, 234, 22, 1),
	(613, 234, 119, 2),
	(615, 235, 20, 1),
	(616, 235, 101, 2),
	(618, 236, 62, 1),
	(619, 236, 80, 2),
	(621, 237, 22, 1),
	(622, 237, 101, 2),
	(624, 238, 12, 1),
	(625, 238, 108, 2),
	(627, 239, 9, 1),
	(629, 240, 49, 1),
	(631, 241, 47, 1),
	(632, 241, 113, 2),
	(634, 242, 30, 1),
	(635, 242, 32, 2),
	(637, 243, 46, 1),
	(639, 244, 46, 1),
	(641, 245, 46, 1),
	(643, 246, 62, 1),
	(645, 247, 61, 1),
	(646, 248, 45, 1),
	(648, 249, 46, 1),
	(650, 250, 46, 1),
	(652, 251, 30, 1),
	(653, 252, 65, 1),
	(655, 253, 65, 1),
	(657, 254, 65, 1),
	(659, 255, 66, 1),
	(661, 256, 66, 1),
	(663, 257, 66, 1),
	(665, 258, 67, 1),
	(667, 259, 67, 1),
	(669, 260, 67, 1),
	(671, 261, 50, 1),
	(672, 261, 95, 2),
	(674, 262, 22, 1),
	(675, 262, 95, 2),
	(677, 263, 53, 1),
	(678, 263, 82, 2),
	(680, 264, 53, 1),
	(681, 264, 82, 2),
	(683, 265, 19, 1),
	(685, 266, 61, 1),
	(686, 267, 68, 1),
	(688, 268, 61, 1),
	(689, 269, 19, 1),
	(691, 270, 33, 1),
	(692, 270, 44, 2),
	(694, 271, 33, 1),
	(695, 271, 44, 2),
	(697, 272, 33, 1),
	(698, 272, 44, 2),
	(700, 273, 34, 1),
	(701, 273, 48, 2),
	(703, 274, 34, 1),
	(704, 274, 48, 2),
	(706, 275, 34, 1),
	(707, 275, 48, 2),
	(709, 276, 62, 1),
	(711, 277, 62, 1),
	(713, 278, 51, 1),
	(714, 278, 93, 2),
	(716, 279, 51, 1),
	(717, 279, 2, 2),
	(719, 280, 28, 1),
	(720, 280, 36, 2),
	(722, 281, 28, 1),
	(723, 281, 36, 2),
	(725, 282, 28, 1),
	(726, 282, 36, 2),
	(728, 283, 33, 1),
	(730, 284, 22, 1),
	(732, 285, 27, 1),
	(733, 285, 90, 2),
	(735, 286, 27, 1),
	(736, 286, 90, 2),
	(738, 287, 54, 1),
	(739, 288, 72, 1),
	(740, 289, 54, 1),
	(741, 290, 14, 1),
	(743, 291, 3, 1),
	(745, 292, 25, 1),
	(746, 293, 43, 1),
	(748, 294, 43, 1),
	(750, 295, 43, 1),
	(752, 296, 47, 1),
	(753, 296, 62, 2),
	(755, 297, 47, 1),
	(756, 297, 62, 2),
	(758, 298, 47, 1),
	(759, 298, 37, 2),
	(761, 299, 5, 1),
	(762, 299, 42, 2),
	(764, 300, 56, 1),
	(765, 300, 96, 2),
	(767, 301, 56, 1),
	(768, 301, 96, 2),
	(770, 302, 51, 1),
	(771, 302, 100, 2),
	(773, 303, 52, 1),
	(774, 303, 22, 2),
	(776, 304, 5, 1),
	(777, 304, 69, 2),
	(779, 305, 5, 1),
	(780, 305, 69, 2),
	(782, 306, 5, 1),
	(783, 306, 69, 2),
	(785, 307, 74, 1),
	(787, 308, 74, 1),
	(789, 309, 9, 1),
	(790, 309, 31, 2),
	(792, 310, 9, 1),
	(793, 310, 31, 2),
	(795, 311, 57, 1),
	(797, 312, 58, 1),
	(799, 313, 35, 1),
	(800, 313, 68, 2),
	(802, 314, 12, 1),
	(803, 314, 110, 2),
	(805, 315, 30, 1),
	(806, 315, 38, 2),
	(808, 316, 64, 1),
	(809, 316, 60, 2),
	(811, 317, 64, 1),
	(812, 317, 60, 2),
	(814, 318, 24, 1),
	(816, 319, 24, 1),
	(818, 320, 41, 1),
	(819, 320, 12, 2),
	(821, 321, 41, 1),
	(822, 321, 12, 2),
	(824, 322, 12, 1),
	(825, 322, 86, 2),
	(827, 323, 40, 1),
	(828, 323, 116, 2),
	(830, 324, 73, 1),
	(831, 324, 70, 2),
	(833, 325, 47, 1),
	(834, 325, 20, 2),
	(836, 326, 47, 1),
	(837, 326, 20, 2),
	(839, 327, 20, 1),
	(840, 327, 77, 2),
	(842, 328, 52, 1),
	(843, 328, 71, 2),
	(845, 329, 26, 1),
	(846, 330, 26, 1),
	(847, 331, 8, 1),
	(849, 332, 8, 1),
	(851, 333, 30, 1),
	(853, 334, 30, 1),
	(855, 335, 17, 1),
	(857, 336, 61, 1),
	(859, 337, 26, 1),
	(860, 338, 26, 1),
	(861, 339, 12, 1),
	(862, 339, 107, 2),
	(864, 340, 12, 1),
	(865, 340, 107, 2),
	(867, 341, 52, 1),
	(868, 341, 75, 2),
	(870, 342, 52, 1),
	(871, 342, 75, 2),
	(873, 343, 26, 1),
	(874, 344, 26, 1),
	(875, 345, 21, 1),
	(877, 346, 21, 1),
	(879, 347, 4, 1),
	(881, 348, 4, 1),
	(883, 349, 33, 1),
	(884, 349, 12, 2),
	(886, 350, 63, 1),
	(887, 350, 172, 2),
	(889, 351, 59, 1),
	(890, 352, 16, 1),
	(892, 353, 15, 1),
	(893, 353, 119, 2),
	(895, 354, 15, 1),
	(896, 354, 119, 2),
	(898, 355, 26, 1),
	(900, 356, 46, 1),
	(902, 357, 34, 1),
	(903, 357, 94, 2),
	(905, 358, 26, 1),
	(906, 359, 46, 1),
	(907, 359, 105, 2),
	(909, 360, 23, 1),
	(911, 361, 39, 1),
	(912, 361, 115, 2),
	(914, 362, 39, 1),
	(915, 362, 115, 2),
	(917, 363, 47, 1),
	(918, 363, 115, 2),
	(920, 364, 47, 1),
	(921, 364, 115, 2),
	(923, 365, 47, 1),
	(924, 365, 115, 2),
	(926, 366, 75, 1),
	(928, 367, 33, 1),
	(930, 368, 33, 1),
	(932, 369, 33, 1),
	(933, 369, 69, 2),
	(935, 370, 33, 1),
	(937, 371, 69, 1),
	(939, 372, 69, 1),
	(941, 373, 22, 1),
	(943, 374, 29, 1),
	(945, 375, 29, 1),
	(947, 376, 29, 1),
	(949, 377, 29, 1),
	(951, 378, 29, 1),
	(953, 379, 29, 1),
	(955, 380, 26, 1),
	(956, 381, 26, 1),
	(957, 382, 2, 1),
	(958, 383, 70, 1),
	(959, 384, 76, 1),
	(960, 385, 32, 1),
	(961, 386, 46, 1),
	(962, 387, 65, 1),
	(964, 388, 65, 1),
	(966, 389, 65, 1),
	(968, 390, 66, 1),
	(970, 391, 66, 1),
	(972, 392, 66, 1),
	(974, 393, 67, 1),
	(976, 394, 67, 1),
	(978, 395, 67, 1),
	(980, 396, 51, 1),
	(982, 397, 22, 1),
	(984, 398, 22, 1),
	(986, 399, 86, 1),
	(987, 399, 109, 2),
	(989, 400, 86, 1),
	(990, 400, 109, 2),
	(992, 401, 61, 1),
	(994, 402, 68, 1),
	(996, 403, 79, 1),
	(997, 403, 22, 2),
	(999, 404, 79, 1),
	(1000, 404, 22, 2),
	(1002, 405, 79, 1),
	(1003, 405, 22, 2),
	(1005, 406, 30, 1),
	(1006, 406, 38, 2),
	(1008, 407, 30, 1),
	(1009, 407, 38, 2),
	(1011, 408, 104, 1),
	(1013, 409, 104, 1),
	(1015, 410, 5, 1),
	(1017, 411, 5, 1),
	(1019, 412, 61, 1),
	(1021, 413, 107, 1),
	(1023, 414, 68, 1),
	(1025, 415, 118, 1),
	(1027, 416, 46, 1),
	(1029, 417, 50, 1),
	(1030, 417, 53, 2),
	(1032, 418, 33, 1),
	(1034, 419, 33, 1),
	(1036, 420, 34, 1),
	(1037, 421, 122, 1),
	(1038, 422, 60, 1),
	(1039, 422, 114, 2),
	(1041, 423, 60, 1),
	(1042, 423, 114, 2),
	(1044, 424, 101, 1),
	(1045, 424, 53, 2),
	(1047, 425, 106, 1),
	(1048, 425, 84, 2),
	(1050, 426, 106, 1),
	(1051, 426, 84, 2),
	(1053, 427, 50, 1),
	(1054, 427, 103, 2),
	(1056, 428, 56, 1),
	(1057, 428, 103, 2),
	(1059, 429, 26, 1),
	(1060, 430, 15, 1),
	(1061, 430, 105, 2),
	(1063, 431, 7, 1),
	(1064, 431, 20, 2),
	(1066, 432, 47, 1),
	(1067, 432, 20, 2),
	(1069, 433, 26, 1),
	(1070, 434, 1, 1),
	(1071, 434, 106, 2),
	(1073, 435, 1, 1),
	(1074, 435, 106, 2),
	(1076, 436, 26, 1),
	(1077, 436, 85, 2),
	(1079, 437, 26, 1),
	(1080, 437, 85, 2),
	(1082, 438, 5, 1),
	(1083, 438, 69, 2),
	(1085, 439, 43, 1),
	(1086, 439, 111, 2),
	(1088, 440, 30, 1),
	(1089, 440, 32, 2),
	(1091, 441, 51, 1),
	(1092, 441, 77, 2),
	(1094, 442, 46, 1),
	(1096, 443, 8, 1),
	(1098, 444, 8, 1),
	(1100, 445, 8, 1),
	(1102, 446, 53, 1),
	(1103, 446, 47, 2),
	(1105, 447, 80, 1),
	(1106, 447, 39, 2),
	(1108, 448, 80, 1),
	(1109, 448, 39, 2),
	(1111, 449, 45, 1),
	(1113, 450, 45, 1),
	(1115, 451, 4, 1),
	(1116, 451, 97, 2),
	(1118, 452, 4, 1),
	(1119, 452, 97, 2),
	(1121, 453, 107, 1),
	(1122, 453, 87, 2),
	(1124, 454, 107, 1),
	(1125, 454, 87, 2),
	(1127, 455, 26, 1),
	(1128, 456, 33, 1),
	(1129, 456, 114, 2),
	(1131, 457, 33, 1),
	(1132, 457, 114, 2),
	(1134, 458, 33, 1),
	(1135, 458, 11, 2),
	(1137, 459, 117, 1),
	(1139, 460, 117, 1),
	(1141, 461, 46, 1),
	(1143, 462, 42, 1),
	(1144, 462, 5, 2),
	(1146, 463, 20, 1),
	(1147, 463, 12, 2),
	(1149, 464, 31, 1),
	(1150, 464, 116, 2),
	(1152, 465, 34, 1),
	(1153, 465, 102, 2),
	(1155, 466, 78, 1),
	(1157, 467, 49, 1),
	(1159, 468, 55, 1),
	(1160, 468, 32, 2),
	(1162, 469, 3, 1),
	(1163, 469, 110, 2),
	(1165, 470, 102, 1),
	(1167, 471, 81, 1),
	(1169, 472, 52, 1),
	(1170, 472, 8, 2),
	(1172, 473, 12, 1),
	(1173, 473, 81, 2),
	(1175, 474, 91, 1),
	(1176, 474, 88, 2),
	(1178, 475, 80, 1),
	(1180, 476, 5, 1),
	(1181, 476, 42, 2),
	(1183, 477, 46, 1),
	(1185, 478, 81, 1),
	(1187, 479, 26, 1),
	(1188, 480, 26, 1),
	(1189, 481, 26, 1),
	(1190, 482, 26, 1),
	(1191, 483, 46, 1),
	(1193, 484, 46, 1),
	(1195, 485, 18, 1),
	(1197, 486, 112, 1),
	(1198, 487, 46, 1),
	(1200, 488, 26, 1),
	(1201, 489, 93, 1),
	(1202, 490, 93, 1),
	(1203, 491, 123, 1),
	(1204, 492, 30, 1),
	(1205, 493, 121, 1),
	(1206, 494, 162, 1),
	(1207, 495, 65, 1),
	(1209, 496, 65, 1),
	(1211, 497, 65, 1),
	(1213, 498, 66, 1),
	(1215, 499, 66, 1),
	(1217, 500, 66, 1),
	(1219, 501, 67, 1),
	(1221, 502, 67, 1),
	(1223, 503, 67, 1),
	(1225, 504, 50, 1),
	(1226, 504, 51, 2),
	(1228, 505, 35, 1),
	(1229, 505, 51, 2),
	(1231, 506, 72, 1),
	(1232, 506, 53, 2),
	(1234, 507, 22, 1),
	(1235, 507, 146, 2),
	(1237, 508, 22, 1),
	(1238, 508, 146, 2),
	(1240, 509, 7, 1),
	(1241, 509, 84, 2),
	(1243, 510, 7, 1),
	(1244, 510, 84, 2),
	(1246, 511, 82, 1),
	(1248, 512, 82, 1),
	(1250, 513, 82, 1),
	(1252, 514, 82, 1),
	(1254, 515, 82, 1),
	(1256, 516, 82, 1),
	(1258, 517, 108, 1),
	(1259, 517, 28, 2),
	(1261, 518, 108, 1),
	(1262, 518, 28, 2),
	(1264, 519, 145, 1),
	(1265, 519, 105, 2),
	(1267, 520, 145, 1),
	(1268, 520, 105, 2),
	(1270, 521, 145, 1),
	(1271, 521, 105, 2),
	(1273, 522, 31, 1),
	(1274, 522, 78, 2),
	(1276, 523, 31, 1),
	(1277, 523, 78, 2),
	(1279, 524, 5, 1),
	(1280, 524, 133, 2),
	(1282, 525, 5, 1),
	(1283, 525, 133, 2),
	(1285, 526, 5, 1),
	(1286, 526, 45, 2),
	(1288, 527, 109, 1),
	(1289, 527, 103, 2),
	(1291, 528, 109, 1),
	(1292, 528, 103, 2),
	(1294, 529, 146, 1),
	(1295, 529, 159, 2),
	(1297, 530, 146, 1),
	(1298, 530, 159, 2),
	(1300, 531, 131, 1),
	(1301, 531, 144, 2),
	(1303, 532, 62, 1),
	(1304, 532, 125, 2),
	(1306, 533, 62, 1),
	(1307, 533, 125, 2),
	(1309, 534, 62, 1),
	(1310, 534, 125, 2),
	(1312, 535, 33, 1),
	(1313, 535, 93, 2),
	(1315, 536, 33, 1),
	(1316, 536, 93, 2),
	(1318, 537, 33, 1),
	(1319, 537, 143, 2),
	(1321, 538, 62, 1),
	(1322, 538, 39, 2),
	(1324, 539, 5, 1),
	(1325, 539, 39, 2),
	(1327, 540, 68, 1),
	(1328, 540, 34, 2),
	(1330, 541, 102, 1),
	(1331, 541, 34, 2),
	(1333, 542, 68, 1),
	(1334, 542, 34, 2),
	(1336, 543, 38, 1),
	(1337, 543, 68, 2),
	(1339, 544, 38, 1),
	(1340, 544, 68, 2),
	(1342, 545, 38, 1),
	(1343, 545, 68, 2),
	(1345, 546, 158, 1),
	(1346, 546, 151, 2),
	(1348, 547, 158, 1),
	(1349, 547, 151, 2),
	(1351, 548, 34, 1),
	(1352, 548, 20, 2),
	(1354, 549, 34, 1),
	(1355, 549, 20, 2),
	(1357, 550, 120, 1),
	(1358, 550, 91, 2),
	(1360, 551, 22, 1),
	(1361, 551, 153, 2),
	(1363, 552, 22, 1),
	(1364, 552, 153, 2),
	(1366, 553, 22, 1),
	(1367, 553, 153, 2),
	(1369, 554, 55, 1),
	(1371, 555, 125, 1),
	(1373, 556, 11, 1),
	(1374, 556, 34, 2),
	(1376, 557, 5, 1),
	(1377, 557, 75, 2),
	(1379, 558, 5, 1),
	(1380, 558, 75, 2),
	(1382, 559, 61, 1),
	(1383, 559, 153, 2),
	(1385, 560, 61, 1),
	(1386, 560, 153, 2),
	(1388, 561, 147, 1),
	(1389, 561, 98, 2),
	(1391, 562, 152, 1),
	(1392, 563, 152, 1),
	(1393, 564, 116, 1),
	(1394, 564, 5, 2),
	(1396, 565, 116, 1),
	(1397, 565, 5, 2),
	(1399, 566, 129, 1),
	(1400, 567, 129, 1),
	(1401, 568, 1, 1),
	(1402, 568, 60, 2),
	(1404, 569, 1, 1),
	(1405, 569, 133, 2),
	(1407, 570, 149, 1),
	(1408, 571, 149, 1),
	(1409, 572, 56, 1),
	(1410, 572, 101, 2),
	(1412, 573, 56, 1),
	(1413, 573, 101, 2),
	(1415, 574, 119, 1),
	(1416, 574, 172, 2),
	(1418, 575, 119, 1),
	(1419, 575, 172, 2),
	(1421, 576, 119, 1),
	(1422, 576, 172, 2),
	(1424, 577, 142, 1),
	(1425, 577, 98, 2),
	(1427, 578, 142, 1),
	(1428, 578, 98, 2),
	(1430, 579, 142, 1),
	(1431, 579, 98, 2),
	(1433, 580, 51, 1),
	(1434, 580, 145, 2),
	(1436, 581, 51, 1),
	(1437, 581, 145, 2),
	(1439, 582, 115, 1),
	(1440, 582, 81, 2),
	(1442, 583, 115, 1),
	(1443, 583, 81, 2),
	(1445, 584, 115, 1),
	(1446, 584, 117, 2),
	(1448, 585, 34, 1),
	(1449, 585, 157, 2),
	(1451, 586, 34, 1),
	(1452, 586, 157, 2),
	(1454, 587, 9, 1),
	(1456, 588, 68, 1),
	(1457, 588, 61, 2),
	(1459, 589, 68, 1),
	(1460, 589, 75, 2),
	(1462, 590, 27, 1),
	(1464, 591, 27, 1),
	(1466, 592, 11, 1),
	(1467, 592, 130, 2),
	(1469, 593, 11, 1),
	(1470, 593, 130, 2),
	(1472, 594, 131, 1),
	(1473, 594, 93, 2),
	(1475, 595, 14, 1),
	(1476, 595, 127, 2),
	(1478, 596, 14, 1),
	(1479, 596, 127, 2),
	(1481, 597, 160, 1),
	(1482, 598, 160, 1),
	(1484, 599, 57, 1),
	(1485, 599, 58, 2),
	(1487, 600, 57, 1),
	(1488, 600, 58, 2),
	(1490, 601, 57, 1),
	(1491, 601, 58, 2),
	(1493, 602, 26, 1),
	(1494, 603, 26, 1),
	(1495, 604, 26, 1),
	(1496, 605, 140, 1),
	(1497, 605, 28, 2),
	(1499, 606, 140, 1),
	(1500, 606, 28, 2),
	(1502, 607, 18, 1),
	(1503, 607, 49, 2),
	(1505, 608, 18, 1),
	(1506, 608, 49, 2),
	(1508, 609, 18, 1),
	(1509, 609, 49, 2),
	(1511, 610, 79, 1),
	(1512, 610, 104, 2),
	(1514, 611, 79, 1),
	(1515, 611, 104, 2),
	(1517, 612, 79, 1),
	(1518, 612, 104, 2),
	(1520, 613, 81, 1),
	(1521, 613, 202, 2),
	(1523, 614, 81, 1),
	(1524, 614, 202, 2),
	(1526, 615, 26, 1),
	(1527, 616, 93, 1),
	(1528, 616, 75, 2),
	(1530, 617, 93, 1),
	(1531, 617, 60, 2),
	(1533, 618, 9, 1),
	(1534, 618, 7, 2),
	(1536, 619, 39, 1),
	(1537, 619, 144, 2),
	(1539, 620, 39, 1),
	(1540, 620, 144, 2),
	(1542, 621, 24, 1),
	(1543, 621, 125, 2),
	(1545, 622, 89, 1),
	(1546, 622, 103, 2),
	(1548, 623, 89, 1),
	(1549, 623, 103, 2),
	(1551, 624, 128, 1),
	(1552, 624, 39, 2),
	(1554, 625, 128, 1),
	(1555, 625, 39, 2),
	(1557, 626, 120, 1),
	(1558, 626, 157, 2),
	(1560, 627, 51, 1),
	(1561, 627, 125, 2),
	(1563, 628, 51, 1),
	(1564, 628, 125, 2),
	(1566, 629, 145, 1),
	(1567, 629, 142, 2),
	(1569, 630, 145, 1),
	(1570, 630, 142, 2),
	(1572, 631, 82, 1),
	(1573, 631, 18, 2),
	(1575, 632, 68, 1),
	(1576, 632, 55, 2),
	(1578, 633, 55, 1),
	(1579, 634, 55, 1),
	(1580, 635, 26, 1),
	(1581, 636, 49, 1),
	(1583, 637, 49, 1),
	(1585, 638, 154, 1),
	(1586, 639, 154, 1),
	(1587, 640, 154, 1),
	(1588, 641, 158, 1),
	(1590, 642, 158, 1),
	(1592, 643, 163, 1),
	(1593, 644, 164, 1),
	(1594, 645, 159, 1),
	(1596, 646, 46, 1),
	(1597, 647, 154, 1),
	(1598, 648, 32, 1),
	(1599, 649, 88, 1),
	(1600, 650, 65, 1),
	(1602, 651, 65, 1),
	(1604, 652, 65, 1),
	(1606, 653, 66, 1),
	(1608, 654, 66, 1),
	(1610, 655, 66, 1),
	(1612, 656, 67, 1),
	(1614, 657, 67, 1),
	(1616, 658, 67, 1),
	(1618, 659, 53, 1),
	(1619, 659, 167, 2),
	(1621, 660, 53, 1),
	(1622, 660, 167, 2),
	(1624, 661, 145, 1),
	(1626, 662, 49, 1),
	(1628, 663, 49, 1),
	(1630, 664, 19, 1),
	(1631, 664, 14, 2),
	(1633, 665, 61, 1),
	(1635, 666, 19, 1),
	(1636, 666, 14, 2),
	(1638, 667, 79, 1),
	(1639, 667, 127, 2),
	(1641, 668, 79, 1),
	(1642, 668, 127, 2),
	(1644, 669, 166, 1),
	(1646, 670, 166, 1),
	(1648, 671, 166, 1),
	(1650, 672, 157, 1),
	(1652, 673, 157, 1),
	(1654, 674, 89, 1),
	(1655, 674, 104, 2),
	(1657, 675, 89, 1),
	(1658, 675, 104, 2),
	(1660, 676, 169, 1),
	(1661, 677, 51, 1),
	(1662, 677, 151, 2),
	(1664, 678, 51, 1),
	(1665, 678, 151, 2),
	(1667, 679, 99, 1),
	(1668, 680, 99, 1),
	(1669, 681, 176, 1),
	(1670, 682, 131, 1),
	(1672, 683, 131, 1),
	(1674, 684, 175, 1),
	(1676, 685, 175, 1),
	(1678, 686, 126, 1),
	(1679, 686, 21, 2),
	(1681, 687, 126, 1),
	(1682, 687, 21, 2),
	(1684, 688, 181, 1),
	(1685, 688, 97, 2),
	(1687, 689, 181, 1),
	(1688, 689, 97, 2),
	(1690, 690, 38, 1),
	(1691, 690, 143, 2),
	(1693, 691, 38, 1),
	(1694, 691, 143, 2),
	(1696, 692, 178, 1),
	(1697, 693, 178, 1),
	(1698, 694, 87, 1),
	(1699, 694, 8, 2),
	(1701, 695, 87, 1),
	(1702, 695, 8, 2),
	(1704, 696, 173, 1),
	(1706, 697, 173, 1),
	(1708, 698, 174, 1),
	(1710, 699, 174, 1),
	(1712, 700, 56, 1),
	(1714, 701, 7, 1),
	(1715, 701, 84, 2),
	(1717, 702, 167, 1),
	(1718, 702, 53, 2),
	(1720, 703, 29, 1),
	(1722, 704, 157, 1),
	(1723, 704, 93, 2),
	(1725, 705, 157, 1),
	(1726, 705, 93, 2),
	(1728, 706, 157, 1),
	(1729, 706, 93, 2),
	(1731, 707, 158, 1),
	(1733, 708, 30, 1),
	(1734, 708, 119, 2),
	(1736, 709, 30, 1),
	(1737, 709, 119, 2),
	(1739, 710, 53, 1),
	(1740, 710, 119, 2),
	(1742, 711, 53, 1),
	(1743, 711, 119, 2),
	(1745, 712, 20, 1),
	(1746, 712, 115, 2),
	(1748, 713, 20, 1),
	(1749, 713, 115, 2),
	(1751, 714, 119, 1),
	(1752, 714, 151, 2),
	(1754, 715, 119, 1),
	(1755, 715, 151, 2),
	(1757, 716, 187, 1),
	(1758, 717, 186, 1),
	(1759, 718, 188, 1),
	(1760, 719, 29, 1),
	(1761, 720, 170, 1),
	(1762, 721, 11, 1),
	(1763, 722, 65, 1),
	(1765, 723, 65, 1),
	(1767, 724, 65, 1),
	(1769, 725, 66, 1),
	(1771, 726, 66, 1),
	(1773, 727, 66, 1),
	(1775, 728, 67, 1),
	(1777, 729, 67, 1),
	(1779, 730, 67, 1),
	(1781, 731, 51, 1),
	(1782, 731, 92, 2),
	(1784, 732, 51, 1),
	(1785, 732, 92, 2),
	(1787, 733, 51, 1),
	(1788, 733, 92, 2),
	(1790, 734, 198, 1),
	(1791, 734, 173, 2),
	(1793, 735, 198, 1),
	(1794, 735, 173, 2),
	(1796, 736, 68, 1),
	(1797, 737, 217, 1),
	(1798, 738, 26, 1),
	(1799, 739, 52, 1),
	(1800, 739, 89, 2),
	(1802, 740, 52, 1),
	(1803, 740, 89, 2),
	(1805, 741, 216, 1),
	(1806, 742, 118, 1),
	(1807, 742, 19, 2),
	(1809, 743, 118, 1),
	(1810, 743, 19, 2),
	(1812, 744, 51, 1),
	(1813, 744, 72, 2),
	(1815, 745, 51, 1),
	(1816, 745, 146, 2),
	(1818, 746, 208, 1),
	(1819, 747, 196, 1),
	(1820, 747, 7, 2),
	(1822, 748, 196, 1),
	(1823, 748, 7, 2),
	(1825, 749, 20, 1),
	(1826, 749, 192, 2),
	(1828, 750, 20, 1),
	(1829, 750, 192, 2),
	(1831, 751, 199, 1),
	(1833, 752, 199, 1),
	(1835, 753, 102, 1),
	(1837, 754, 102, 1),
	(1839, 755, 35, 1),
	(1840, 755, 27, 2),
	(1842, 756, 35, 1),
	(1843, 756, 27, 2),
	(1845, 757, 212, 1),
	(1847, 758, 212, 1),
	(1849, 759, 218, 1),
	(1850, 759, 103, 2),
	(1852, 760, 218, 1),
	(1853, 760, 103, 2),
	(1855, 761, 102, 1),
	(1856, 761, 12, 2),
	(1858, 762, 102, 1),
	(1859, 762, 12, 2),
	(1861, 763, 102, 1),
	(1862, 763, 214, 2),
	(1864, 764, 166, 1),
	(1865, 764, 205, 2),
	(1867, 765, 39, 1),
	(1868, 765, 140, 2),
	(1870, 766, 222, 1),
	(1872, 767, 193, 1),
	(1873, 768, 194, 1),
	(1874, 769, 195, 1),
	(1876, 770, 195, 1),
	(1878, 771, 215, 1),
	(1880, 772, 4, 1),
	(1881, 773, 225, 1),
	(1882, 774, 197, 1),
	(1883, 775, 213, 1),
	(1884, 776, 75, 1),
	(1885, 777, 160, 1),
	(1886, 777, 31, 2),
	(1888, 778, 209, 1),
	(1889, 779, 219, 1),
	(1890, 779, 173, 2),
	(1892, 780, 201, 1),
	(1893, 780, 157, 2),
	(1895, 781, 200, 1),
	(1896, 782, 171, 1),
	(1897, 782, 43, 2),
	(1899, 783, 171, 1),
	(1900, 783, 43, 2),
	(1902, 784, 171, 1),
	(1903, 784, 43, 2),
	(1905, 785, 226, 1),
	(1907, 786, 227, 1),
	(1909, 787, 229, 1),
	(1911, 788, 228, 1),
	(1913, 789, 109, 1),
	(1914, 790, 5, 1),
	(1915, 791, 230, 1),
	(1916, 792, 231, 1),
	(1917, 793, 224, 1),
	(1918, 794, 224, 1),
	(1919, 795, 224, 1),
	(1920, 796, 224, 1),
	(1921, 797, 224, 1),
	(1922, 798, 224, 1),
	(1923, 799, 224, 1),
	(1924, 800, 232, 1),
	(1925, 801, 220, 1),
	(1926, 802, 101, 1),
	(1927, 803, 224, 1),
	(1928, 804, 224, 1),
	(1929, 805, 224, 1),
	(1930, 806, 224, 1),
	(1931, 807, 10, 1);
/*!40000 ALTER TABLE `pokemon_ability` ENABLE KEYS */;

-- Volcando datos para la tabla pokedex.pokemon_type: ~1.212 rows (aproximadamente)
/*!40000 ALTER TABLE `pokemon_type` DISABLE KEYS */;
INSERT INTO `pokemon_type` (`id`, `pokemon_id`, `type_id`, `slot`) VALUES
	(1, 1, 12, 1),
	(2, 1, 4, 2),
	(3, 2, 12, 1),
	(4, 2, 4, 2),
	(5, 3, 12, 1),
	(6, 3, 4, 2),
	(7, 4, 10, 1),
	(8, 5, 10, 1),
	(9, 6, 10, 1),
	(10, 6, 3, 2),
	(11, 7, 11, 1),
	(12, 8, 11, 1),
	(13, 9, 11, 1),
	(14, 10, 7, 1),
	(15, 11, 7, 1),
	(16, 12, 7, 1),
	(17, 12, 3, 2),
	(18, 13, 7, 1),
	(19, 13, 4, 2),
	(20, 14, 7, 1),
	(21, 14, 4, 2),
	(22, 15, 7, 1),
	(23, 15, 4, 2),
	(24, 16, 1, 1),
	(25, 16, 3, 2),
	(26, 17, 1, 1),
	(27, 17, 3, 2),
	(28, 18, 1, 1),
	(29, 18, 3, 2),
	(30, 19, 1, 1),
	(31, 20, 1, 1),
	(32, 21, 1, 1),
	(33, 21, 3, 2),
	(34, 22, 1, 1),
	(35, 22, 3, 2),
	(36, 23, 4, 1),
	(37, 24, 4, 1),
	(38, 25, 13, 1),
	(39, 26, 13, 1),
	(40, 27, 5, 1),
	(41, 28, 5, 1),
	(42, 29, 4, 1),
	(43, 30, 4, 1),
	(44, 31, 4, 1),
	(45, 31, 5, 2),
	(46, 32, 4, 1),
	(47, 33, 4, 1),
	(48, 34, 4, 1),
	(49, 34, 5, 2),
	(50, 35, 18, 1),
	(51, 36, 18, 1),
	(52, 37, 10, 1),
	(53, 38, 10, 1),
	(54, 39, 1, 1),
	(55, 39, 18, 2),
	(56, 40, 1, 1),
	(57, 40, 18, 2),
	(58, 41, 4, 1),
	(59, 41, 3, 2),
	(60, 42, 4, 1),
	(61, 42, 3, 2),
	(62, 43, 12, 1),
	(63, 43, 4, 2),
	(64, 44, 12, 1),
	(65, 44, 4, 2),
	(66, 45, 12, 1),
	(67, 45, 4, 2),
	(68, 46, 7, 1),
	(69, 46, 12, 2),
	(70, 47, 7, 1),
	(71, 47, 12, 2),
	(72, 48, 7, 1),
	(73, 48, 4, 2),
	(74, 49, 7, 1),
	(75, 49, 4, 2),
	(76, 50, 5, 1),
	(77, 51, 5, 1),
	(78, 52, 1, 1),
	(79, 53, 1, 1),
	(80, 54, 11, 1),
	(81, 55, 11, 1),
	(82, 56, 2, 1),
	(83, 57, 2, 1),
	(84, 58, 10, 1),
	(85, 59, 10, 1),
	(86, 60, 11, 1),
	(87, 61, 11, 1),
	(88, 62, 11, 1),
	(89, 62, 2, 2),
	(90, 63, 14, 1),
	(91, 64, 14, 1),
	(92, 65, 14, 1),
	(93, 66, 2, 1),
	(94, 67, 2, 1),
	(95, 68, 2, 1),
	(96, 69, 12, 1),
	(97, 69, 4, 2),
	(98, 70, 12, 1),
	(99, 70, 4, 2),
	(100, 71, 12, 1),
	(101, 71, 4, 2),
	(102, 72, 11, 1),
	(103, 72, 4, 2),
	(104, 73, 11, 1),
	(105, 73, 4, 2),
	(106, 74, 6, 1),
	(107, 74, 5, 2),
	(108, 75, 6, 1),
	(109, 75, 5, 2),
	(110, 76, 6, 1),
	(111, 76, 5, 2),
	(112, 77, 10, 1),
	(113, 78, 10, 1),
	(114, 79, 11, 1),
	(115, 79, 14, 2),
	(116, 80, 11, 1),
	(117, 80, 14, 2),
	(118, 81, 13, 1),
	(119, 81, 9, 2),
	(120, 82, 13, 1),
	(121, 82, 9, 2),
	(122, 83, 1, 1),
	(123, 83, 3, 2),
	(124, 84, 1, 1),
	(125, 84, 3, 2),
	(126, 85, 1, 1),
	(127, 85, 3, 2),
	(128, 86, 11, 1),
	(129, 87, 11, 1),
	(130, 87, 15, 2),
	(131, 88, 4, 1),
	(132, 89, 4, 1),
	(133, 90, 11, 1),
	(134, 91, 11, 1),
	(135, 91, 15, 2),
	(136, 92, 8, 1),
	(137, 92, 4, 2),
	(138, 93, 8, 1),
	(139, 93, 4, 2),
	(140, 94, 8, 1),
	(141, 94, 4, 2),
	(142, 95, 6, 1),
	(143, 95, 5, 2),
	(144, 96, 14, 1),
	(145, 97, 14, 1),
	(146, 98, 11, 1),
	(147, 99, 11, 1),
	(148, 100, 13, 1),
	(149, 101, 13, 1),
	(150, 102, 12, 1),
	(151, 102, 14, 2),
	(152, 103, 12, 1),
	(153, 103, 14, 2),
	(154, 104, 5, 1),
	(155, 105, 5, 1),
	(156, 106, 2, 1),
	(157, 107, 2, 1),
	(158, 108, 1, 1),
	(159, 109, 4, 1),
	(160, 110, 4, 1),
	(161, 111, 5, 1),
	(162, 111, 6, 2),
	(163, 112, 5, 1),
	(164, 112, 6, 2),
	(165, 113, 1, 1),
	(166, 114, 12, 1),
	(167, 115, 1, 1),
	(168, 116, 11, 1),
	(169, 117, 11, 1),
	(170, 118, 11, 1),
	(171, 119, 11, 1),
	(172, 120, 11, 1),
	(173, 121, 11, 1),
	(174, 121, 14, 2),
	(175, 122, 14, 1),
	(176, 122, 18, 2),
	(177, 123, 7, 1),
	(178, 123, 3, 2),
	(179, 124, 15, 1),
	(180, 124, 14, 2),
	(181, 125, 13, 1),
	(182, 126, 10, 1),
	(183, 127, 7, 1),
	(184, 128, 1, 1),
	(185, 129, 11, 1),
	(186, 130, 11, 1),
	(187, 130, 3, 2),
	(188, 131, 11, 1),
	(189, 131, 15, 2),
	(190, 132, 1, 1),
	(191, 133, 1, 1),
	(192, 134, 11, 1),
	(193, 135, 13, 1),
	(194, 136, 10, 1),
	(195, 137, 1, 1),
	(196, 138, 6, 1),
	(197, 138, 11, 2),
	(198, 139, 6, 1),
	(199, 139, 11, 2),
	(200, 140, 6, 1),
	(201, 140, 11, 2),
	(202, 141, 6, 1),
	(203, 141, 11, 2),
	(204, 142, 6, 1),
	(205, 142, 3, 2),
	(206, 143, 1, 1),
	(207, 144, 15, 1),
	(208, 144, 3, 2),
	(209, 145, 13, 1),
	(210, 145, 3, 2),
	(211, 146, 10, 1),
	(212, 146, 3, 2),
	(213, 147, 16, 1),
	(214, 148, 16, 1),
	(215, 149, 16, 1),
	(216, 149, 3, 2),
	(217, 150, 14, 1),
	(218, 151, 14, 1),
	(219, 152, 12, 1),
	(220, 153, 12, 1),
	(221, 154, 12, 1),
	(222, 155, 10, 1),
	(223, 156, 10, 1),
	(224, 157, 10, 1),
	(225, 158, 11, 1),
	(226, 159, 11, 1),
	(227, 160, 11, 1),
	(228, 161, 1, 1),
	(229, 162, 1, 1),
	(230, 163, 1, 1),
	(231, 163, 3, 2),
	(232, 164, 1, 1),
	(233, 164, 3, 2),
	(234, 165, 7, 1),
	(235, 165, 3, 2),
	(236, 166, 7, 1),
	(237, 166, 3, 2),
	(238, 167, 7, 1),
	(239, 167, 4, 2),
	(240, 168, 7, 1),
	(241, 168, 4, 2),
	(242, 169, 4, 1),
	(243, 169, 3, 2),
	(244, 170, 11, 1),
	(245, 170, 13, 2),
	(246, 171, 11, 1),
	(247, 171, 13, 2),
	(248, 172, 13, 1),
	(249, 173, 18, 1),
	(250, 174, 1, 1),
	(251, 174, 18, 2),
	(252, 175, 18, 1),
	(253, 176, 18, 1),
	(254, 176, 3, 2),
	(255, 177, 14, 1),
	(256, 177, 3, 2),
	(257, 178, 14, 1),
	(258, 178, 3, 2),
	(259, 179, 13, 1),
	(260, 180, 13, 1),
	(261, 181, 13, 1),
	(262, 182, 12, 1),
	(263, 183, 11, 1),
	(264, 183, 18, 2),
	(265, 184, 11, 1),
	(266, 184, 18, 2),
	(267, 185, 6, 1),
	(268, 186, 11, 1),
	(269, 187, 12, 1),
	(270, 187, 3, 2),
	(271, 188, 12, 1),
	(272, 188, 3, 2),
	(273, 189, 12, 1),
	(274, 189, 3, 2),
	(275, 190, 1, 1),
	(276, 191, 12, 1),
	(277, 192, 12, 1),
	(278, 193, 7, 1),
	(279, 193, 3, 2),
	(280, 194, 11, 1),
	(281, 194, 5, 2),
	(282, 195, 11, 1),
	(283, 195, 5, 2),
	(284, 196, 14, 1),
	(285, 197, 17, 1),
	(286, 198, 17, 1),
	(287, 198, 3, 2),
	(288, 199, 11, 1),
	(289, 199, 14, 2),
	(290, 200, 8, 1),
	(291, 201, 14, 1),
	(292, 202, 14, 1),
	(293, 203, 1, 1),
	(294, 203, 14, 2),
	(295, 204, 7, 1),
	(296, 205, 7, 1),
	(297, 205, 9, 2),
	(298, 206, 1, 1),
	(299, 207, 5, 1),
	(300, 207, 3, 2),
	(301, 208, 9, 1),
	(302, 208, 5, 2),
	(303, 209, 18, 1),
	(304, 210, 18, 1),
	(305, 211, 11, 1),
	(306, 211, 4, 2),
	(307, 212, 7, 1),
	(308, 212, 9, 2),
	(309, 213, 7, 1),
	(310, 213, 6, 2),
	(311, 214, 7, 1),
	(312, 214, 2, 2),
	(313, 215, 17, 1),
	(314, 215, 15, 2),
	(315, 216, 1, 1),
	(316, 217, 1, 1),
	(317, 218, 10, 1),
	(318, 219, 10, 1),
	(319, 219, 6, 2),
	(320, 220, 15, 1),
	(321, 220, 5, 2),
	(322, 221, 15, 1),
	(323, 221, 5, 2),
	(324, 222, 11, 1),
	(325, 222, 6, 2),
	(326, 223, 11, 1),
	(327, 224, 11, 1),
	(328, 225, 15, 1),
	(329, 225, 3, 2),
	(330, 226, 11, 1),
	(331, 226, 3, 2),
	(332, 227, 9, 1),
	(333, 227, 3, 2),
	(334, 228, 17, 1),
	(335, 228, 10, 2),
	(336, 229, 17, 1),
	(337, 229, 10, 2),
	(338, 230, 11, 1),
	(339, 230, 16, 2),
	(340, 231, 5, 1),
	(341, 232, 5, 1),
	(342, 233, 1, 1),
	(343, 234, 1, 1),
	(344, 235, 1, 1),
	(345, 236, 2, 1),
	(346, 237, 2, 1),
	(347, 238, 15, 1),
	(348, 238, 14, 2),
	(349, 239, 13, 1),
	(350, 240, 10, 1),
	(351, 241, 1, 1),
	(352, 242, 1, 1),
	(353, 243, 13, 1),
	(354, 244, 10, 1),
	(355, 245, 11, 1),
	(356, 246, 6, 1),
	(357, 246, 5, 2),
	(358, 247, 6, 1),
	(359, 247, 5, 2),
	(360, 248, 6, 1),
	(361, 248, 17, 2),
	(362, 249, 14, 1),
	(363, 249, 3, 2),
	(364, 250, 10, 1),
	(365, 250, 3, 2),
	(366, 251, 14, 1),
	(367, 251, 12, 2),
	(368, 252, 12, 1),
	(369, 253, 12, 1),
	(370, 254, 12, 1),
	(371, 255, 10, 1),
	(372, 256, 10, 1),
	(373, 256, 2, 2),
	(374, 257, 10, 1),
	(375, 257, 2, 2),
	(376, 258, 11, 1),
	(377, 259, 11, 1),
	(378, 259, 5, 2),
	(379, 260, 11, 1),
	(380, 260, 5, 2),
	(381, 261, 17, 1),
	(382, 262, 17, 1),
	(383, 263, 1, 1),
	(384, 264, 1, 1),
	(385, 265, 7, 1),
	(386, 266, 7, 1),
	(387, 267, 7, 1),
	(388, 267, 3, 2),
	(389, 268, 7, 1),
	(390, 269, 7, 1),
	(391, 269, 4, 2),
	(392, 270, 11, 1),
	(393, 270, 12, 2),
	(394, 271, 11, 1),
	(395, 271, 12, 2),
	(396, 272, 11, 1),
	(397, 272, 12, 2),
	(398, 273, 12, 1),
	(399, 274, 12, 1),
	(400, 274, 17, 2),
	(401, 275, 12, 1),
	(402, 275, 17, 2),
	(403, 276, 1, 1),
	(404, 276, 3, 2),
	(405, 277, 1, 1),
	(406, 277, 3, 2),
	(407, 278, 11, 1),
	(408, 278, 3, 2),
	(409, 279, 11, 1),
	(410, 279, 3, 2),
	(411, 280, 14, 1),
	(412, 280, 18, 2),
	(413, 281, 14, 1),
	(414, 281, 18, 2),
	(415, 282, 14, 1),
	(416, 282, 18, 2),
	(417, 283, 7, 1),
	(418, 283, 11, 2),
	(419, 284, 7, 1),
	(420, 284, 3, 2),
	(421, 285, 12, 1),
	(422, 286, 12, 1),
	(423, 286, 2, 2),
	(424, 287, 1, 1),
	(425, 288, 1, 1),
	(426, 289, 1, 1),
	(427, 290, 7, 1),
	(428, 290, 5, 2),
	(429, 291, 7, 1),
	(430, 291, 3, 2),
	(431, 292, 7, 1),
	(432, 292, 8, 2),
	(433, 293, 1, 1),
	(434, 294, 1, 1),
	(435, 295, 1, 1),
	(436, 296, 2, 1),
	(437, 297, 2, 1),
	(438, 298, 1, 1),
	(439, 298, 18, 2),
	(440, 299, 6, 1),
	(441, 300, 1, 1),
	(442, 301, 1, 1),
	(443, 302, 17, 1),
	(444, 302, 8, 2),
	(445, 303, 9, 1),
	(446, 303, 18, 2),
	(447, 304, 9, 1),
	(448, 304, 6, 2),
	(449, 305, 9, 1),
	(450, 305, 6, 2),
	(451, 306, 9, 1),
	(452, 306, 6, 2),
	(453, 307, 2, 1),
	(454, 307, 14, 2),
	(455, 308, 2, 1),
	(456, 308, 14, 2),
	(457, 309, 13, 1),
	(458, 310, 13, 1),
	(459, 311, 13, 1),
	(460, 312, 13, 1),
	(461, 313, 7, 1),
	(462, 314, 7, 1),
	(463, 315, 12, 1),
	(464, 315, 4, 2),
	(465, 316, 4, 1),
	(466, 317, 4, 1),
	(467, 318, 11, 1),
	(468, 318, 17, 2),
	(469, 319, 11, 1),
	(470, 319, 17, 2),
	(471, 320, 11, 1),
	(472, 321, 11, 1),
	(473, 322, 10, 1),
	(474, 322, 5, 2),
	(475, 323, 10, 1),
	(476, 323, 5, 2),
	(477, 324, 10, 1),
	(478, 325, 14, 1),
	(479, 326, 14, 1),
	(480, 327, 1, 1),
	(481, 328, 5, 1),
	(482, 329, 5, 1),
	(483, 329, 16, 2),
	(484, 330, 5, 1),
	(485, 330, 16, 2),
	(486, 331, 12, 1),
	(487, 332, 12, 1),
	(488, 332, 17, 2),
	(489, 333, 1, 1),
	(490, 333, 3, 2),
	(491, 334, 16, 1),
	(492, 334, 3, 2),
	(493, 335, 1, 1),
	(494, 336, 4, 1),
	(495, 337, 6, 1),
	(496, 337, 14, 2),
	(497, 338, 6, 1),
	(498, 338, 14, 2),
	(499, 339, 11, 1),
	(500, 339, 5, 2),
	(501, 340, 11, 1),
	(502, 340, 5, 2),
	(503, 341, 11, 1),
	(504, 342, 11, 1),
	(505, 342, 17, 2),
	(506, 343, 5, 1),
	(507, 343, 14, 2),
	(508, 344, 5, 1),
	(509, 344, 14, 2),
	(510, 345, 6, 1),
	(511, 345, 12, 2),
	(512, 346, 6, 1),
	(513, 346, 12, 2),
	(514, 347, 6, 1),
	(515, 347, 7, 2),
	(516, 348, 6, 1),
	(517, 348, 7, 2),
	(518, 349, 11, 1),
	(519, 350, 11, 1),
	(520, 351, 1, 1),
	(521, 352, 1, 1),
	(522, 353, 8, 1),
	(523, 354, 8, 1),
	(524, 355, 8, 1),
	(525, 356, 8, 1),
	(526, 357, 12, 1),
	(527, 357, 3, 2),
	(528, 358, 14, 1),
	(529, 359, 17, 1),
	(530, 360, 14, 1),
	(531, 361, 15, 1),
	(532, 362, 15, 1),
	(533, 363, 15, 1),
	(534, 363, 11, 2),
	(535, 364, 15, 1),
	(536, 364, 11, 2),
	(537, 365, 15, 1),
	(538, 365, 11, 2),
	(539, 366, 11, 1),
	(540, 367, 11, 1),
	(541, 368, 11, 1),
	(542, 369, 11, 1),
	(543, 369, 6, 2),
	(544, 370, 11, 1),
	(545, 371, 16, 1),
	(546, 372, 16, 1),
	(547, 373, 16, 1),
	(548, 373, 3, 2),
	(549, 374, 9, 1),
	(550, 374, 14, 2),
	(551, 375, 9, 1),
	(552, 375, 14, 2),
	(553, 376, 9, 1),
	(554, 376, 14, 2),
	(555, 377, 6, 1),
	(556, 378, 15, 1),
	(557, 379, 9, 1),
	(558, 380, 16, 1),
	(559, 380, 14, 2),
	(560, 381, 16, 1),
	(561, 381, 14, 2),
	(562, 382, 11, 1),
	(563, 383, 5, 1),
	(564, 384, 16, 1),
	(565, 384, 3, 2),
	(566, 385, 9, 1),
	(567, 385, 14, 2),
	(568, 386, 14, 1),
	(569, 387, 12, 1),
	(570, 388, 12, 1),
	(571, 389, 12, 1),
	(572, 389, 5, 2),
	(573, 390, 10, 1),
	(574, 391, 10, 1),
	(575, 391, 2, 2),
	(576, 392, 10, 1),
	(577, 392, 2, 2),
	(578, 393, 11, 1),
	(579, 394, 11, 1),
	(580, 395, 11, 1),
	(581, 395, 9, 2),
	(582, 396, 1, 1),
	(583, 396, 3, 2),
	(584, 397, 1, 1),
	(585, 397, 3, 2),
	(586, 398, 1, 1),
	(587, 398, 3, 2),
	(588, 399, 1, 1),
	(589, 400, 1, 1),
	(590, 400, 11, 2),
	(591, 401, 7, 1),
	(592, 402, 7, 1),
	(593, 403, 13, 1),
	(594, 404, 13, 1),
	(595, 405, 13, 1),
	(596, 406, 12, 1),
	(597, 406, 4, 2),
	(598, 407, 12, 1),
	(599, 407, 4, 2),
	(600, 408, 6, 1),
	(601, 409, 6, 1),
	(602, 410, 6, 1),
	(603, 410, 9, 2),
	(604, 411, 6, 1),
	(605, 411, 9, 2),
	(606, 412, 7, 1),
	(607, 413, 7, 1),
	(608, 413, 12, 2),
	(609, 414, 7, 1),
	(610, 414, 3, 2),
	(611, 415, 7, 1),
	(612, 415, 3, 2),
	(613, 416, 7, 1),
	(614, 416, 3, 2),
	(615, 417, 13, 1),
	(616, 418, 11, 1),
	(617, 419, 11, 1),
	(618, 420, 12, 1),
	(619, 421, 12, 1),
	(620, 422, 11, 1),
	(621, 423, 11, 1),
	(622, 423, 5, 2),
	(623, 424, 1, 1),
	(624, 425, 8, 1),
	(625, 425, 3, 2),
	(626, 426, 8, 1),
	(627, 426, 3, 2),
	(628, 427, 1, 1),
	(629, 428, 1, 1),
	(630, 429, 8, 1),
	(631, 430, 17, 1),
	(632, 430, 3, 2),
	(633, 431, 1, 1),
	(634, 432, 1, 1),
	(635, 433, 14, 1),
	(636, 434, 4, 1),
	(637, 434, 17, 2),
	(638, 435, 4, 1),
	(639, 435, 17, 2),
	(640, 436, 9, 1),
	(641, 436, 14, 2),
	(642, 437, 9, 1),
	(643, 437, 14, 2),
	(644, 438, 6, 1),
	(645, 439, 14, 1),
	(646, 439, 18, 2),
	(647, 440, 1, 1),
	(648, 441, 1, 1),
	(649, 441, 3, 2),
	(650, 442, 8, 1),
	(651, 442, 17, 2),
	(652, 443, 16, 1),
	(653, 443, 5, 2),
	(654, 444, 16, 1),
	(655, 444, 5, 2),
	(656, 445, 16, 1),
	(657, 445, 5, 2),
	(658, 446, 1, 1),
	(659, 447, 2, 1),
	(660, 448, 2, 1),
	(661, 448, 9, 2),
	(662, 449, 5, 1),
	(663, 450, 5, 1),
	(664, 451, 4, 1),
	(665, 451, 7, 2),
	(666, 452, 4, 1),
	(667, 452, 17, 2),
	(668, 453, 4, 1),
	(669, 453, 2, 2),
	(670, 454, 4, 1),
	(671, 454, 2, 2),
	(672, 455, 12, 1),
	(673, 456, 11, 1),
	(674, 457, 11, 1),
	(675, 458, 11, 1),
	(676, 458, 3, 2),
	(677, 459, 12, 1),
	(678, 459, 15, 2),
	(679, 460, 12, 1),
	(680, 460, 15, 2),
	(681, 461, 17, 1),
	(682, 461, 15, 2),
	(683, 462, 13, 1),
	(684, 462, 9, 2),
	(685, 463, 1, 1),
	(686, 464, 5, 1),
	(687, 464, 6, 2),
	(688, 465, 12, 1),
	(689, 466, 13, 1),
	(690, 467, 10, 1),
	(691, 468, 18, 1),
	(692, 468, 3, 2),
	(693, 469, 7, 1),
	(694, 469, 3, 2),
	(695, 470, 12, 1),
	(696, 471, 15, 1),
	(697, 472, 5, 1),
	(698, 472, 3, 2),
	(699, 473, 15, 1),
	(700, 473, 5, 2),
	(701, 474, 1, 1),
	(702, 475, 14, 1),
	(703, 475, 2, 2),
	(704, 476, 6, 1),
	(705, 476, 9, 2),
	(706, 477, 8, 1),
	(707, 478, 15, 1),
	(708, 478, 8, 2),
	(709, 479, 13, 1),
	(710, 479, 8, 2),
	(711, 480, 14, 1),
	(712, 481, 14, 1),
	(713, 482, 14, 1),
	(714, 483, 9, 1),
	(715, 483, 16, 2),
	(716, 484, 11, 1),
	(717, 484, 16, 2),
	(718, 485, 10, 1),
	(719, 485, 9, 2),
	(720, 486, 1, 1),
	(721, 487, 8, 1),
	(722, 487, 16, 2),
	(723, 488, 14, 1),
	(724, 489, 11, 1),
	(725, 490, 11, 1),
	(726, 491, 17, 1),
	(727, 492, 12, 1),
	(728, 493, 1, 1),
	(729, 494, 14, 1),
	(730, 494, 10, 2),
	(731, 495, 12, 1),
	(732, 496, 12, 1),
	(733, 497, 12, 1),
	(734, 498, 10, 1),
	(735, 499, 10, 1),
	(736, 499, 2, 2),
	(737, 500, 10, 1),
	(738, 500, 2, 2),
	(739, 501, 11, 1),
	(740, 502, 11, 1),
	(741, 503, 11, 1),
	(742, 504, 1, 1),
	(743, 505, 1, 1),
	(744, 506, 1, 1),
	(745, 507, 1, 1),
	(746, 508, 1, 1),
	(747, 509, 17, 1),
	(748, 510, 17, 1),
	(749, 511, 12, 1),
	(750, 512, 12, 1),
	(751, 513, 10, 1),
	(752, 514, 10, 1),
	(753, 515, 11, 1),
	(754, 516, 11, 1),
	(755, 517, 14, 1),
	(756, 518, 14, 1),
	(757, 519, 1, 1),
	(758, 519, 3, 2),
	(759, 520, 1, 1),
	(760, 520, 3, 2),
	(761, 521, 1, 1),
	(762, 521, 3, 2),
	(763, 522, 13, 1),
	(764, 523, 13, 1),
	(765, 524, 6, 1),
	(766, 525, 6, 1),
	(767, 526, 6, 1),
	(768, 527, 14, 1),
	(769, 527, 3, 2),
	(770, 528, 14, 1),
	(771, 528, 3, 2),
	(772, 529, 5, 1),
	(773, 530, 5, 1),
	(774, 530, 9, 2),
	(775, 531, 1, 1),
	(776, 532, 2, 1),
	(777, 533, 2, 1),
	(778, 534, 2, 1),
	(779, 535, 11, 1),
	(780, 536, 11, 1),
	(781, 536, 5, 2),
	(782, 537, 11, 1),
	(783, 537, 5, 2),
	(784, 538, 2, 1),
	(785, 539, 2, 1),
	(786, 540, 7, 1),
	(787, 540, 12, 2),
	(788, 541, 7, 1),
	(789, 541, 12, 2),
	(790, 542, 7, 1),
	(791, 542, 12, 2),
	(792, 543, 7, 1),
	(793, 543, 4, 2),
	(794, 544, 7, 1),
	(795, 544, 4, 2),
	(796, 545, 7, 1),
	(797, 545, 4, 2),
	(798, 546, 12, 1),
	(799, 546, 18, 2),
	(800, 547, 12, 1),
	(801, 547, 18, 2),
	(802, 548, 12, 1),
	(803, 549, 12, 1),
	(804, 550, 11, 1),
	(805, 551, 5, 1),
	(806, 551, 17, 2),
	(807, 552, 5, 1),
	(808, 552, 17, 2),
	(809, 553, 5, 1),
	(810, 553, 17, 2),
	(811, 554, 10, 1),
	(812, 555, 10, 1),
	(813, 556, 12, 1),
	(814, 557, 7, 1),
	(815, 557, 6, 2),
	(816, 558, 7, 1),
	(817, 558, 6, 2),
	(818, 559, 17, 1),
	(819, 559, 2, 2),
	(820, 560, 17, 1),
	(821, 560, 2, 2),
	(822, 561, 14, 1),
	(823, 561, 3, 2),
	(824, 562, 8, 1),
	(825, 563, 8, 1),
	(826, 564, 11, 1),
	(827, 564, 6, 2),
	(828, 565, 11, 1),
	(829, 565, 6, 2),
	(830, 566, 6, 1),
	(831, 566, 3, 2),
	(832, 567, 6, 1),
	(833, 567, 3, 2),
	(834, 568, 4, 1),
	(835, 569, 4, 1),
	(836, 570, 17, 1),
	(837, 571, 17, 1),
	(838, 572, 1, 1),
	(839, 573, 1, 1),
	(840, 574, 14, 1),
	(841, 575, 14, 1),
	(842, 576, 14, 1),
	(843, 577, 14, 1),
	(844, 578, 14, 1),
	(845, 579, 14, 1),
	(846, 580, 11, 1),
	(847, 580, 3, 2),
	(848, 581, 11, 1),
	(849, 581, 3, 2),
	(850, 582, 15, 1),
	(851, 583, 15, 1),
	(852, 584, 15, 1),
	(853, 585, 1, 1),
	(854, 585, 12, 2),
	(855, 586, 1, 1),
	(856, 586, 12, 2),
	(857, 587, 13, 1),
	(858, 587, 3, 2),
	(859, 588, 7, 1),
	(860, 589, 7, 1),
	(861, 589, 9, 2),
	(862, 590, 12, 1),
	(863, 590, 4, 2),
	(864, 591, 12, 1),
	(865, 591, 4, 2),
	(866, 592, 11, 1),
	(867, 592, 8, 2),
	(868, 593, 11, 1),
	(869, 593, 8, 2),
	(870, 594, 11, 1),
	(871, 595, 7, 1),
	(872, 595, 13, 2),
	(873, 596, 7, 1),
	(874, 596, 13, 2),
	(875, 597, 12, 1),
	(876, 597, 9, 2),
	(877, 598, 12, 1),
	(878, 598, 9, 2),
	(879, 599, 9, 1),
	(880, 600, 9, 1),
	(881, 601, 9, 1),
	(882, 602, 13, 1),
	(883, 603, 13, 1),
	(884, 604, 13, 1),
	(885, 605, 14, 1),
	(886, 606, 14, 1),
	(887, 607, 8, 1),
	(888, 607, 10, 2),
	(889, 608, 8, 1),
	(890, 608, 10, 2),
	(891, 609, 8, 1),
	(892, 609, 10, 2),
	(893, 610, 16, 1),
	(894, 611, 16, 1),
	(895, 612, 16, 1),
	(896, 613, 15, 1),
	(897, 614, 15, 1),
	(898, 615, 15, 1),
	(899, 616, 7, 1),
	(900, 617, 7, 1),
	(901, 618, 5, 1),
	(902, 618, 13, 2),
	(903, 619, 2, 1),
	(904, 620, 2, 1),
	(905, 621, 16, 1),
	(906, 622, 5, 1),
	(907, 622, 8, 2),
	(908, 623, 5, 1),
	(909, 623, 8, 2),
	(910, 624, 17, 1),
	(911, 624, 9, 2),
	(912, 625, 17, 1),
	(913, 625, 9, 2),
	(914, 626, 1, 1),
	(915, 627, 1, 1),
	(916, 627, 3, 2),
	(917, 628, 1, 1),
	(918, 628, 3, 2),
	(919, 629, 17, 1),
	(920, 629, 3, 2),
	(921, 630, 17, 1),
	(922, 630, 3, 2),
	(923, 631, 10, 1),
	(924, 632, 7, 1),
	(925, 632, 9, 2),
	(926, 633, 17, 1),
	(927, 633, 16, 2),
	(928, 634, 17, 1),
	(929, 634, 16, 2),
	(930, 635, 17, 1),
	(931, 635, 16, 2),
	(932, 636, 7, 1),
	(933, 636, 10, 2),
	(934, 637, 7, 1),
	(935, 637, 10, 2),
	(936, 638, 9, 1),
	(937, 638, 2, 2),
	(938, 639, 6, 1),
	(939, 639, 2, 2),
	(940, 640, 12, 1),
	(941, 640, 2, 2),
	(942, 641, 3, 1),
	(943, 642, 13, 1),
	(944, 642, 3, 2),
	(945, 643, 16, 1),
	(946, 643, 10, 2),
	(947, 644, 16, 1),
	(948, 644, 13, 2),
	(949, 645, 5, 1),
	(950, 645, 3, 2),
	(951, 646, 16, 1),
	(952, 646, 15, 2),
	(953, 647, 11, 1),
	(954, 647, 2, 2),
	(955, 648, 1, 1),
	(956, 648, 14, 2),
	(957, 649, 7, 1),
	(958, 649, 9, 2),
	(959, 650, 12, 1),
	(960, 651, 12, 1),
	(961, 652, 12, 1),
	(962, 652, 2, 2),
	(963, 653, 10, 1),
	(964, 654, 10, 1),
	(965, 655, 10, 1),
	(966, 655, 14, 2),
	(967, 656, 11, 1),
	(968, 657, 11, 1),
	(969, 658, 11, 1),
	(970, 658, 17, 2),
	(971, 659, 1, 1),
	(972, 660, 1, 1),
	(973, 660, 5, 2),
	(974, 661, 1, 1),
	(975, 661, 3, 2),
	(976, 662, 10, 1),
	(977, 662, 3, 2),
	(978, 663, 10, 1),
	(979, 663, 3, 2),
	(980, 664, 7, 1),
	(981, 665, 7, 1),
	(982, 666, 7, 1),
	(983, 666, 3, 2),
	(984, 667, 10, 1),
	(985, 667, 1, 2),
	(986, 668, 10, 1),
	(987, 668, 1, 2),
	(988, 669, 18, 1),
	(989, 670, 18, 1),
	(990, 671, 18, 1),
	(991, 672, 12, 1),
	(992, 673, 12, 1),
	(993, 674, 2, 1),
	(994, 675, 2, 1),
	(995, 675, 17, 2),
	(996, 676, 1, 1),
	(997, 677, 14, 1),
	(998, 678, 14, 1),
	(999, 679, 9, 1),
	(1000, 679, 8, 2),
	(1001, 680, 9, 1),
	(1002, 680, 8, 2),
	(1003, 681, 9, 1),
	(1004, 681, 8, 2),
	(1005, 682, 18, 1),
	(1006, 683, 18, 1),
	(1007, 684, 18, 1),
	(1008, 685, 18, 1),
	(1009, 686, 17, 1),
	(1010, 686, 14, 2),
	(1011, 687, 17, 1),
	(1012, 687, 14, 2),
	(1013, 688, 6, 1),
	(1014, 688, 11, 2),
	(1015, 689, 6, 1),
	(1016, 689, 11, 2),
	(1017, 690, 4, 1),
	(1018, 690, 11, 2),
	(1019, 691, 4, 1),
	(1020, 691, 16, 2),
	(1021, 692, 11, 1),
	(1022, 693, 11, 1),
	(1023, 694, 13, 1),
	(1024, 694, 1, 2),
	(1025, 695, 13, 1),
	(1026, 695, 1, 2),
	(1027, 696, 6, 1),
	(1028, 696, 16, 2),
	(1029, 697, 6, 1),
	(1030, 697, 16, 2),
	(1031, 698, 6, 1),
	(1032, 698, 15, 2),
	(1033, 699, 6, 1),
	(1034, 699, 15, 2),
	(1035, 700, 18, 1),
	(1036, 701, 2, 1),
	(1037, 701, 3, 2),
	(1038, 702, 13, 1),
	(1039, 702, 18, 2),
	(1040, 703, 6, 1),
	(1041, 703, 18, 2),
	(1042, 704, 16, 1),
	(1043, 705, 16, 1),
	(1044, 706, 16, 1),
	(1045, 707, 9, 1),
	(1046, 707, 18, 2),
	(1047, 708, 8, 1),
	(1048, 708, 12, 2),
	(1049, 709, 8, 1),
	(1050, 709, 12, 2),
	(1051, 710, 8, 1),
	(1052, 710, 12, 2),
	(1053, 711, 8, 1),
	(1054, 711, 12, 2),
	(1055, 712, 15, 1),
	(1056, 713, 15, 1),
	(1057, 714, 3, 1),
	(1058, 714, 16, 2),
	(1059, 715, 3, 1),
	(1060, 715, 16, 2),
	(1061, 716, 18, 1),
	(1062, 717, 17, 1),
	(1063, 717, 3, 2),
	(1064, 718, 16, 1),
	(1065, 718, 5, 2),
	(1066, 719, 6, 1),
	(1067, 719, 18, 2),
	(1068, 720, 14, 1),
	(1069, 720, 8, 2),
	(1070, 721, 10, 1),
	(1071, 721, 11, 2),
	(1072, 722, 12, 1),
	(1073, 722, 3, 2),
	(1074, 723, 12, 1),
	(1075, 723, 3, 2),
	(1076, 724, 12, 1),
	(1077, 724, 8, 2),
	(1078, 725, 10, 1),
	(1079, 726, 10, 1),
	(1080, 727, 10, 1),
	(1081, 727, 17, 2),
	(1082, 728, 11, 1),
	(1083, 729, 11, 1),
	(1084, 730, 11, 1),
	(1085, 730, 18, 2),
	(1086, 731, 1, 1),
	(1087, 731, 3, 2),
	(1088, 732, 1, 1),
	(1089, 732, 3, 2),
	(1090, 733, 1, 1),
	(1091, 733, 3, 2),
	(1092, 734, 1, 1),
	(1093, 735, 1, 1),
	(1094, 736, 7, 1),
	(1095, 737, 7, 1),
	(1096, 737, 13, 2),
	(1097, 738, 7, 1),
	(1098, 738, 13, 2),
	(1099, 739, 2, 1),
	(1100, 740, 2, 1),
	(1101, 740, 15, 2),
	(1102, 741, 10, 1),
	(1103, 741, 3, 2),
	(1104, 742, 7, 1),
	(1105, 742, 18, 2),
	(1106, 743, 7, 1),
	(1107, 743, 18, 2),
	(1108, 744, 6, 1),
	(1109, 745, 6, 1),
	(1110, 746, 11, 1),
	(1111, 747, 4, 1),
	(1112, 747, 11, 2),
	(1113, 748, 4, 1),
	(1114, 748, 11, 2),
	(1115, 749, 5, 1),
	(1116, 750, 5, 1),
	(1117, 751, 11, 1),
	(1118, 751, 7, 2),
	(1119, 752, 11, 1),
	(1120, 752, 7, 2),
	(1121, 753, 12, 1),
	(1122, 754, 12, 1),
	(1123, 755, 12, 1),
	(1124, 755, 18, 2),
	(1125, 756, 12, 1),
	(1126, 756, 18, 2),
	(1127, 757, 4, 1),
	(1128, 757, 10, 2),
	(1129, 758, 4, 1),
	(1130, 758, 10, 2),
	(1131, 759, 1, 1),
	(1132, 759, 2, 2),
	(1133, 760, 1, 1),
	(1134, 760, 2, 2),
	(1135, 761, 12, 1),
	(1136, 762, 12, 1),
	(1137, 763, 12, 1),
	(1138, 764, 18, 1),
	(1139, 765, 1, 1),
	(1140, 765, 14, 2),
	(1141, 766, 2, 1),
	(1142, 767, 7, 1),
	(1143, 767, 11, 2),
	(1144, 768, 7, 1),
	(1145, 768, 11, 2),
	(1146, 769, 8, 1),
	(1147, 769, 5, 2),
	(1148, 770, 8, 1),
	(1149, 770, 5, 2),
	(1150, 771, 11, 1),
	(1151, 772, 1, 1),
	(1152, 773, 1, 1),
	(1153, 774, 6, 1),
	(1154, 774, 3, 2),
	(1155, 775, 1, 1),
	(1156, 776, 10, 1),
	(1157, 776, 16, 2),
	(1158, 777, 13, 1),
	(1159, 777, 9, 2),
	(1160, 778, 8, 1),
	(1161, 778, 18, 2),
	(1162, 779, 11, 1),
	(1163, 779, 14, 2),
	(1164, 780, 1, 1),
	(1165, 780, 16, 2),
	(1166, 781, 8, 1),
	(1167, 781, 12, 2),
	(1168, 782, 16, 1),
	(1169, 783, 16, 1),
	(1170, 783, 2, 2),
	(1171, 784, 16, 1),
	(1172, 784, 2, 2),
	(1173, 785, 13, 1),
	(1174, 785, 18, 2),
	(1175, 786, 14, 1),
	(1176, 786, 18, 2),
	(1177, 787, 12, 1),
	(1178, 787, 18, 2),
	(1179, 788, 11, 1),
	(1180, 788, 18, 2),
	(1181, 789, 14, 1),
	(1182, 790, 14, 1),
	(1183, 791, 14, 1),
	(1184, 791, 9, 2),
	(1185, 792, 14, 1),
	(1186, 792, 8, 2),
	(1187, 793, 6, 1),
	(1188, 793, 4, 2),
	(1189, 794, 7, 1),
	(1190, 794, 2, 2),
	(1191, 795, 7, 1),
	(1192, 795, 2, 2),
	(1193, 796, 13, 1),
	(1194, 797, 9, 1),
	(1195, 797, 3, 2),
	(1196, 798, 12, 1),
	(1197, 798, 9, 2),
	(1198, 799, 17, 1),
	(1199, 799, 16, 2),
	(1200, 800, 14, 1),
	(1201, 801, 9, 1),
	(1202, 801, 18, 2),
	(1203, 802, 2, 1),
	(1204, 802, 8, 2),
	(1205, 803, 4, 1),
	(1206, 804, 4, 1),
	(1207, 804, 16, 2),
	(1208, 805, 6, 1),
	(1209, 805, 9, 2),
	(1210, 806, 10, 1),
	(1211, 806, 8, 2),
	(1212, 807, 13, 1);
/*!40000 ALTER TABLE `pokemon_type` ENABLE KEYS */;

-- Volcando datos para la tabla pokedex.type: ~18 rows (aproximadamente)
/*!40000 ALTER TABLE `type` DISABLE KEYS */;
INSERT INTO `type` (`id`, `name`) VALUES
	(1, 'normal'),
	(2, 'fighting'),
	(3, 'flying'),
	(4, 'poison'),
	(5, 'ground'),
	(6, 'rock'),
	(7, 'bug'),
	(8, 'ghost'),
	(9, 'steel'),
	(10, 'fire'),
	(11, 'water'),
	(12, 'grass'),
	(13, 'electric'),
	(14, 'psychic'),
	(15, 'ice'),
	(16, 'dragon'),
	(17, 'dark'),
	(18, 'fairy');
/*!40000 ALTER TABLE `type` ENABLE KEYS */;

/*!40101 SET SQL_MODE=IFNULL(@OLD_SQL_MODE, '') */;
/*!40014 SET FOREIGN_KEY_CHECKS=IF(@OLD_FOREIGN_KEY_CHECKS IS NULL, 1, @OLD_FOREIGN_KEY_CHECKS) */;
/*!40101 SET CHARACTER_SET_CLIENT=@OLD_CHARACTER_SET_CLIENT */;
